SELECT USER
FROM DUAL;
--==> HR

-- COUNTRIES / DEPARTMENTS / EMPLOYEES / JOBS / JOB_HISTORY / LOCATIONS / REGIONS

--정보수집
DESC JOBS;

SELECT *
FROM USER_TAB_COLUMNS
WHERE TABLE_NAME='JOBS2';

SELECT *
FROM JOBS2;

SELECT *
FROM VIEW_CONSTCHECK
WHERE TABLE_NAME = 'JOBS';

-- 테이블 생성
CREATE TABLE JOBS2
( JOB_ID    VARCHAR2(10)
, JOB_TITLE VARCHAR2(35) 
, MIN_SALARY NUMBER(6)
, MAX_SALARY NUMBER(6)
, CONSTRAINT JOBS2_JOB_ID_PK PRIMARY KEY(JOB_ID)
);
--==> Table JOBS2이(가) 생성되었습니다.

--제약조건 추가
ALTER TABLE JOBS2 MODIFY JOB_TITLE VARCHAR2(35) CONSTRAINT JOB2_TITLE_NN NOT NULL;

--데이터입력
/*
--1
INSERT INTO JOBS2(JOB_ID, JOB_TITLE, MIN_SALARY, MAX_SALARY)
VALUES('AD_PRES', 'President', 20080, 40000);

--2
INSERT INTO JOBS2(JOB_ID, JOB_TITLE, MIN_SALARY, MAX_SALARY)
VALUES('AD_VP', 'Administration Vice President', 15000, 30000);

--3
INSERT INTO JOBS2(JOB_ID, JOB_TITLE, MIN_SALARY, MAX_SALARY)
VALUES('AD_ASST', 'Administration Assistant', 3000, 6000);

--4
INSERT INTO JOBS2(JOB_ID, JOB_TITLE, MIN_SALARY, MAX_SALARY)
VALUES('FI_MGR', 'Finance Manager', 8200, 16000);

--5
INSERT INTO JOBS2(JOB_ID, JOB_TITLE, MIN_SALARY, MAX_SALARY)
VALUES('FI_ACCOUNT', 'Accountant', 4200, 9000);

--6
INSERT INTO JOBS2(JOB_ID, JOB_TITLE, MIN_SALARY, MAX_SALARY)
VALUES('AC_MGR', 'Accounting Manager', 8200, 16000);

--7
INSERT INTO JOBS2(JOB_ID, JOB_TITLE, MIN_SALARY, MAX_SALARY)
VALUES('AC_ACCOUNT', 'Public Accountant', 4200, 9000);

--8
INSERT INTO JOBS2(JOB_ID, JOB_TITLE, MIN_SALARY, MAX_SALARY)
VALUES('SA_MAN', 'Sales Manager', 10000, 20080);

--9
INSERT INTO JOBS2(JOB_ID, JOB_TITLE, MIN_SALARY, MAX_SALARY)
VALUES('SA_REP', 'Sales Representative', 6000, 12008);

--10
INSERT INTO JOBS2(JOB_ID, JOB_TITLE, MIN_SALARY, MAX_SALARY)
VALUES('PU_MAN', 'Purchasing Manager', 8000, 15000);

--11
INSERT INTO JOBS2(JOB_ID, JOB_TITLE, MIN_SALARY, MAX_SALARY)
VALUES('PU_CLERK', 'Purchasing Clerk', 2500, 5500);

--12
INSERT INTO JOBS2(JOB_ID, JOB_TITLE, MIN_SALARY, MAX_SALARY)
VALUES('ST_MAN', 'Stock Manager', 5500, 8500);

--13
INSERT INTO JOBS2(JOB_ID, JOB_TITLE, MIN_SALARY, MAX_SALARY)
VALUES('ST_CLERK', 'Stock Clerk', 2008, 5000);

--14
INSERT INTO JOBS2(JOB_ID, JOB_TITLE, MIN_SALARY, MAX_SALARY)
VALUES('SH_CLERK', 'Shipping Clerk', 2500, 5500);

--15
INSERT INTO JOBS2(JOB_ID, JOB_TITLE, MIN_SALARY, MAX_SALARY)
VALUES('IT_PROG', 'Programmer', 4000, 10000);

--16
INSERT INTO JOBS2(JOB_ID, JOB_TITLE, MIN_SALARY, MAX_SALARY)
VALUES('MK_MAN', 'Marketing Manager', 9000, 15000);

--17
INSERT INTO JOBS2(JOB_ID, JOB_TITLE, MIN_SALARY, MAX_SALARY)
VALUES('MK_REP', 'Marketing Representative', 4000, 9000);

--18
INSERT INTO JOBS2(JOB_ID, JOB_TITLE, MIN_SALARY, MAX_SALARY)
VALUES('HR_REP', 'Human Resources Representative', 4000, 9000);

--19
INSERT INTO JOBS2(JOB_ID, JOB_TITLE, MIN_SALARY, MAX_SALARY)
VALUES('PR_REP', 'Public Relations Representative', 4500, 10500);
*/

DESC EMPLOYEES2

SELECT *
FROM EMPLOYEES2;

/*--시퀀스 생성
CREATE SEQUENCE EMPLOYEES2_SEQ   
START WITH 100     
INCREMENT BY 1    
NOMAXVALUE    
NOCACHE;
*/
-- 시퀀스 확인
--SELECT *
--FROM ALL_SEQUENCES;

--시퀀스 삭제
--drop sequence 시퀀스A;

/* 
-- EMPLOYEES2 데이터
INSERT INTO EMPLOYEES2
(EMPLOYEE_ID, FIRST_NAME, LAST_NAME, EMAIL, PHONE_NUMBER, HIRE_DATE, JOB_ID, SALARY, COMMISSION_PCT, MANAGER_ID, DEPARTMENT_ID)
VALUES
(EMPLOYEES2_SEQ.NEXTVAL,'Steven', 'King', 'SKING', '515.123.4567', TO_DATE('2003-06-17','YYYY-MM-DD'), 'AD_PRES', 24000,NULL,NULL,90);

INSERT INTO EMPLOYEES2
(EMPLOYEE_ID, FIRST_NAME, LAST_NAME, EMAIL, PHONE_NUMBER, HIRE_DATE, JOB_ID, SALARY, COMMISSION_PCT, MANAGER_ID, DEPARTMENT_ID)
VALUES
(EMPLOYEES2_SEQ.NEXTVAL,'Neena', 'Kochhar', 'NKOCHHAR', '515.123.4568', TO_DATE('2005-09-21','YYYY-MM-DD'), 'AD_VP', 17000,NULL,100,90);

INSERT INTO EMPLOYEES2
(EMPLOYEE_ID, FIRST_NAME, LAST_NAME, EMAIL, PHONE_NUMBER, HIRE_DATE, JOB_ID, SALARY, COMMISSION_PCT, MANAGER_ID, DEPARTMENT_ID)
VALUES
(EMPLOYEES2_SEQ.NEXTVAL,'Lex', 'De Haan', 'LDEHAAN', '515.123.4569', TO_DATE('2001-01-13','YYYY-MM-DD'), 'AD_VP', 17000,NULL,100,90);

INSERT INTO EMPLOYEES2
(EMPLOYEE_ID, FIRST_NAME, LAST_NAME, EMAIL, PHONE_NUMBER, HIRE_DATE, JOB_ID, SALARY, COMMISSION_PCT, MANAGER_ID, DEPARTMENT_ID)
VALUES
(EMPLOYEES2_SEQ.NEXTVAL,'Alexander', 'Hunold', 'AHUNOLD', '590.423.4567', TO_DATE('2006-01-03','YYYY-MM-DD'), 'IT_PROG', 9000,NULL,102,60);

INSERT INTO EMPLOYEES2
(EMPLOYEE_ID, FIRST_NAME, LAST_NAME, EMAIL, PHONE_NUMBER, HIRE_DATE, JOB_ID, SALARY, COMMISSION_PCT, MANAGER_ID, DEPARTMENT_ID)
VALUES
(EMPLOYEES2_SEQ.NEXTVAL,'Bruce', 'Ernst', 'BERNST', '590.423.4568', TO_DATE('2007-05-21','YYYY-MM-DD'), 'IT_PROG', 6000,NULL,103,60);

INSERT INTO EMPLOYEES2
(EMPLOYEE_ID, FIRST_NAME, LAST_NAME, EMAIL, PHONE_NUMBER, HIRE_DATE, JOB_ID, SALARY, COMMISSION_PCT, MANAGER_ID, DEPARTMENT_ID)
VALUES
(EMPLOYEES2_SEQ.NEXTVAL,'David', 'Austin', 'DAUSTIN', '590.423.4569', TO_DATE('2005-06-25','YYYY-MM-DD'), 'IT_PROG', 4800,NULL,103,60);

INSERT INTO EMPLOYEES2
(EMPLOYEE_ID, FIRST_NAME, LAST_NAME, EMAIL, PHONE_NUMBER, HIRE_DATE, JOB_ID, SALARY, COMMISSION_PCT, MANAGER_ID, DEPARTMENT_ID)
VALUES
(EMPLOYEES2_SEQ.NEXTVAL,'Valli', 'Pataballa', 'VPATABAL', '590.423.4560', TO_DATE('2006-02-05','YYYY-MM-DD'), 'IT_PROG', 4800,NULL,103,60);

INSERT INTO EMPLOYEES2
(EMPLOYEE_ID, FIRST_NAME, LAST_NAME, EMAIL, PHONE_NUMBER, HIRE_DATE, JOB_ID, SALARY, COMMISSION_PCT, MANAGER_ID, DEPARTMENT_ID)
VALUES
(EMPLOYEES2_SEQ.NEXTVAL,'Diana', 'Lorentz', 'DLORENTZ', '590.423.5567', TO_DATE('2007-02-07','YYYY-MM-DD'), 'IT_PROG', 4200,NULL,103,60);

INSERT INTO EMPLOYEES2
(EMPLOYEE_ID, FIRST_NAME, LAST_NAME, EMAIL, PHONE_NUMBER, HIRE_DATE, JOB_ID, SALARY, COMMISSION_PCT, MANAGER_ID, DEPARTMENT_ID)
VALUES
(EMPLOYEES2_SEQ.NEXTVAL,'Nancy', 'Greenberg', 'NGREENBE', '515.124.4569', TO_DATE('2002-08-17','YYYY-MM-DD'), 'FI_MGR', 12008,NULL,101,100);

INSERT INTO EMPLOYEES2
(EMPLOYEE_ID, FIRST_NAME, LAST_NAME, EMAIL, PHONE_NUMBER, HIRE_DATE, JOB_ID, SALARY, COMMISSION_PCT, MANAGER_ID, DEPARTMENT_ID)
VALUES
(EMPLOYEES2_SEQ.NEXTVAL,'Daniel', 'Faviet', 'DFAVIET', '515.124.4169', TO_DATE('2002-08-16','YYYY-MM-DD'), 'FI_ACCOUNT', 9000,NULL,108,100);

INSERT INTO EMPLOYEES2
(EMPLOYEE_ID, FIRST_NAME, LAST_NAME, EMAIL, PHONE_NUMBER, HIRE_DATE, JOB_ID, SALARY, COMMISSION_PCT, MANAGER_ID, DEPARTMENT_ID)
VALUES
(EMPLOYEES2_SEQ.NEXTVAL,'John', 'Chen', 'JCHEN', '515.124.4269', TO_DATE('2005-09-28','YYYY-MM-DD'), 'FI_ACCOUNT', 8200,NULL,108,100);

INSERT INTO EMPLOYEES2
(EMPLOYEE_ID, FIRST_NAME, LAST_NAME, EMAIL, PHONE_NUMBER, HIRE_DATE, JOB_ID, SALARY, COMMISSION_PCT, MANAGER_ID, DEPARTMENT_ID)
VALUES
(EMPLOYEES2_SEQ.NEXTVAL,'Ismael', 'Sciarra', 'ISCIARRA', '515.124.4369', TO_DATE('2005-09-30','YYYY-MM-DD'), 'FI_ACCOUNT', 7700,NULL,108,100);

INSERT INTO EMPLOYEES2
(EMPLOYEE_ID, FIRST_NAME, LAST_NAME, EMAIL, PHONE_NUMBER, HIRE_DATE, JOB_ID, SALARY, COMMISSION_PCT, MANAGER_ID, DEPARTMENT_ID)
VALUES
(EMPLOYEES2_SEQ.NEXTVAL,'Jose Manuel', 'Urman', 'JMURMAN', '515.124.4469', TO_DATE('2006-03-07','YYYY-MM-DD'), 'FI_ACCOUNT', 7800,NULL,108,100);

INSERT INTO EMPLOYEES2
(EMPLOYEE_ID, FIRST_NAME, LAST_NAME, EMAIL, PHONE_NUMBER, HIRE_DATE, JOB_ID, SALARY, COMMISSION_PCT, MANAGER_ID, DEPARTMENT_ID)
VALUES
(EMPLOYEES2_SEQ.NEXTVAL,'Luis', 'Popp', 'LPOPP', '515.124.4567', TO_DATE('2007-12-07','YYYY-MM-DD'), 'FI_ACCOUNT', 6900,NULL,108,100);

INSERT INTO EMPLOYEES2
(EMPLOYEE_ID, FIRST_NAME, LAST_NAME, EMAIL, PHONE_NUMBER, HIRE_DATE, JOB_ID, SALARY, COMMISSION_PCT, MANAGER_ID, DEPARTMENT_ID)
VALUES
(EMPLOYEES2_SEQ.NEXTVAL,'Den', 'Raphaely', 'DRAPHEAL', '515.127.4561', TO_DATE('2002-12-07','YYYY-MM-DD'), 'PU_MAN', 11000,NULL,100,30);

INSERT INTO EMPLOYEES2
(EMPLOYEE_ID, FIRST_NAME, LAST_NAME, EMAIL, PHONE_NUMBER, HIRE_DATE, JOB_ID, SALARY, COMMISSION_PCT, MANAGER_ID, DEPARTMENT_ID)
VALUES
(EMPLOYEES2_SEQ.NEXTVAL,'Alexander', 'Khoo', 'AKHOO', '515.127.4562', TO_DATE('2003-05-18','YYYY-MM-DD'), 'PU_CLERK', 3100,NULL,114,30);

INSERT INTO EMPLOYEES2
(EMPLOYEE_ID, FIRST_NAME, LAST_NAME, EMAIL, PHONE_NUMBER, HIRE_DATE, JOB_ID, SALARY, COMMISSION_PCT, MANAGER_ID, DEPARTMENT_ID)
VALUES
(EMPLOYEES2_SEQ.NEXTVAL,'Shelli', 'Baida', 'SBAIDA', '515.127.4563', TO_DATE('2005-12-24','YYYY-MM-DD'), 'PU_CLERK', 2900,NULL,114,30);

INSERT INTO EMPLOYEES2
(EMPLOYEE_ID, FIRST_NAME, LAST_NAME, EMAIL, PHONE_NUMBER, HIRE_DATE, JOB_ID, SALARY, COMMISSION_PCT, MANAGER_ID, DEPARTMENT_ID)
VALUES
(EMPLOYEES2_SEQ.NEXTVAL,'Sigal', 'Tobias', 'STOBIAS', '515.127.4564', TO_DATE('2005-07-24','YYYY-MM-DD'), 'PU_CLERK', 2800,NULL,114,30);

INSERT INTO EMPLOYEES2
(EMPLOYEE_ID, FIRST_NAME, LAST_NAME, EMAIL, PHONE_NUMBER, HIRE_DATE, JOB_ID, SALARY, COMMISSION_PCT, MANAGER_ID, DEPARTMENT_ID)
VALUES
(EMPLOYEES2_SEQ.NEXTVAL,'Guy', 'Himuro', 'GHIMURO', '515.127.4565', TO_DATE('2006-11-15','YYYY-MM-DD'), 'PU_CLERK', 2600,NULL,114,30);

INSERT INTO EMPLOYEES2
(EMPLOYEE_ID, FIRST_NAME, LAST_NAME, EMAIL, PHONE_NUMBER, HIRE_DATE, JOB_ID, SALARY, COMMISSION_PCT, MANAGER_ID, DEPARTMENT_ID)
VALUES
(EMPLOYEES2_SEQ.NEXTVAL,'Karen', 'Colmenares', 'KCOLMENA', '515.127.4566', TO_DATE('2007-08-10','YYYY-MM-DD'), 'PU_CLERK', 2500,NULL,114,30);

INSERT INTO EMPLOYEES2
(EMPLOYEE_ID, FIRST_NAME, LAST_NAME, EMAIL, PHONE_NUMBER, HIRE_DATE, JOB_ID, SALARY, COMMISSION_PCT, MANAGER_ID, DEPARTMENT_ID)
VALUES
(EMPLOYEES2_SEQ.NEXTVAL,'Matthew', 'Weiss', 'MWEISS', '650.123.1234', TO_DATE('2004-07-18','YYYY-MM-DD'), 'ST_MAN', 8000,NULL,100,50);

INSERT INTO EMPLOYEES2
(EMPLOYEE_ID, FIRST_NAME, LAST_NAME, EMAIL, PHONE_NUMBER, HIRE_DATE, JOB_ID, SALARY, COMMISSION_PCT, MANAGER_ID, DEPARTMENT_ID)
VALUES
(EMPLOYEES2_SEQ.NEXTVAL,'Adam', 'Fripp', 'AFRIPP', '650.123.2234', TO_DATE('2005-04-10','YYYY-MM-DD'), 'ST_MAN', 8200,NULL,100,50);

INSERT INTO EMPLOYEES2
(EMPLOYEE_ID, FIRST_NAME, LAST_NAME, EMAIL, PHONE_NUMBER, HIRE_DATE, JOB_ID, SALARY, COMMISSION_PCT, MANAGER_ID, DEPARTMENT_ID)
VALUES
(EMPLOYEES2_SEQ.NEXTVAL,'Payam', 'Kaufling', 'PKAUFLIN', '650.123.3234', TO_DATE('2003-05-01','YYYY-MM-DD'), 'ST_MAN', 7900,NULL,100,50);

INSERT INTO EMPLOYEES2
(EMPLOYEE_ID, FIRST_NAME, LAST_NAME, EMAIL, PHONE_NUMBER, HIRE_DATE, JOB_ID, SALARY, COMMISSION_PCT, MANAGER_ID, DEPARTMENT_ID)
VALUES
(EMPLOYEES2_SEQ.NEXTVAL,'Shanta', 'Vollman', 'SVOLLMAN', '650.123.4234', TO_DATE('2005-10-10','YYYY-MM-DD'), 'ST_MAN', 6500,NULL,100,50);

INSERT INTO EMPLOYEES2
(EMPLOYEE_ID, FIRST_NAME, LAST_NAME, EMAIL, PHONE_NUMBER, HIRE_DATE, JOB_ID, SALARY, COMMISSION_PCT, MANAGER_ID, DEPARTMENT_ID)
VALUES
(EMPLOYEES2_SEQ.NEXTVAL,'Kevin', 'Mourgos', 'KMOURGOS', '650.123.5234', TO_DATE('2007-11-16','YYYY-MM-DD'), 'ST_MAN', 5800,NULL,100,50);

INSERT INTO EMPLOYEES2
(EMPLOYEE_ID, FIRST_NAME, LAST_NAME, EMAIL, PHONE_NUMBER, HIRE_DATE, JOB_ID, SALARY, COMMISSION_PCT, MANAGER_ID, DEPARTMENT_ID)
VALUES
(EMPLOYEES2_SEQ.NEXTVAL,'Julia', 'Nayer', 'JNAYER', '650.124.1214', TO_DATE('2005-07-16','YYYY-MM-DD'), 'ST_CLERK', 3200,NULL,120,50);

INSERT INTO EMPLOYEES2
(EMPLOYEE_ID, FIRST_NAME, LAST_NAME, EMAIL, PHONE_NUMBER, HIRE_DATE, JOB_ID, SALARY, COMMISSION_PCT, MANAGER_ID, DEPARTMENT_ID)
VALUES
(EMPLOYEES2_SEQ.NEXTVAL,'Irene', 'Mikkilineni', 'IMIKKILI', '650.124.1224', TO_DATE('2006-09-28','YYYY-MM-DD'), 'ST_CLERK', 2700,NULL,120,50);

INSERT INTO EMPLOYEES2
(EMPLOYEE_ID, FIRST_NAME, LAST_NAME, EMAIL, PHONE_NUMBER, HIRE_DATE, JOB_ID, SALARY, COMMISSION_PCT, MANAGER_ID, DEPARTMENT_ID)
VALUES
(EMPLOYEES2_SEQ.NEXTVAL,'James', 'Landry', 'JLANDRY', '650.124.1334', TO_DATE('2007-01-14','YYYY-MM-DD'), 'ST_CLERK', 2400,NULL,120,50);

INSERT INTO EMPLOYEES2
(EMPLOYEE_ID, FIRST_NAME, LAST_NAME, EMAIL, PHONE_NUMBER, HIRE_DATE, JOB_ID, SALARY, COMMISSION_PCT, MANAGER_ID, DEPARTMENT_ID)
VALUES
(EMPLOYEES2_SEQ.NEXTVAL,'Steven', 'Markle', 'SMARKLE', '650.124.1434', TO_DATE('2008-03-08','YYYY-MM-DD'), 'ST_CLERK', 2200,NULL,120,50);

INSERT INTO EMPLOYEES2
(EMPLOYEE_ID, FIRST_NAME, LAST_NAME, EMAIL, PHONE_NUMBER, HIRE_DATE, JOB_ID, SALARY, COMMISSION_PCT, MANAGER_ID, DEPARTMENT_ID)
VALUES
(EMPLOYEES2_SEQ.NEXTVAL,'Laura', 'Bissot', 'LBISSOT', '650.124.5234', TO_DATE('2005-08-20','YYYY-MM-DD'), 'ST_CLERK', 3300,NULL,121,50);

INSERT INTO EMPLOYEES2
(EMPLOYEE_ID, FIRST_NAME, LAST_NAME, EMAIL, PHONE_NUMBER, HIRE_DATE, JOB_ID, SALARY, COMMISSION_PCT, MANAGER_ID, DEPARTMENT_ID)
VALUES
(EMPLOYEES2_SEQ.NEXTVAL,'Mozhe', 'Atkinson', 'MATKINSO', '650.124.6234', TO_DATE('2005-10-30','YYYY-MM-DD'), 'ST_CLERK', 2800,NULL,121,50);

INSERT INTO EMPLOYEES2
(EMPLOYEE_ID, FIRST_NAME, LAST_NAME, EMAIL, PHONE_NUMBER, HIRE_DATE, JOB_ID, SALARY, COMMISSION_PCT, MANAGER_ID, DEPARTMENT_ID)
VALUES
(EMPLOYEES2_SEQ.NEXTVAL,'James', 'Marlow', 'JAMRLOW', '650.124.7234', TO_DATE('2005-02-16','YYYY-MM-DD'), 'ST_CLERK', 2500,NULL,121,50);
--32번까지
*/
-------------------------------------------------------------------------------------------------------------------------------------------------------
/*
INSERT INTO EMPLOYEES2
(EMPLOYEE_ID, FIRST_NAME, LAST_NAME, EMAIL, PHONE_NUMBER, HIRE_DATE, JOB_ID, SALARY, COMMISSION_PCT, MANAGER_ID, DEPARTMENT_ID)
VALUES
(EMPLOYEES2_SEQ.NEXTVAL,'TJ', 'Olson', 'TJOLSON', '650.124.8234', TO_DATE('2007-04-10','YYYY-MM-DD'), 'ST_CLERK', 2100,NULL,121,50);

INSERT INTO EMPLOYEES2
(EMPLOYEE_ID, FIRST_NAME, LAST_NAME, EMAIL, PHONE_NUMBER, HIRE_DATE, JOB_ID, SALARY, COMMISSION_PCT, MANAGER_ID, DEPARTMENT_ID)
VALUES
(EMPLOYEES2_SEQ.NEXTVAL,'Jason', 'Mallin', 'JMALLIN', '650.127.1934', TO_DATE('2004-06-14','YYYY-MM-DD'), 'ST_CLERK', 3300,NULL,122,50);

INSERT INTO EMPLOYEES2
(EMPLOYEE_ID, FIRST_NAME, LAST_NAME, EMAIL, PHONE_NUMBER, HIRE_DATE, JOB_ID, SALARY, COMMISSION_PCT, MANAGER_ID, DEPARTMENT_ID)
VALUES
(EMPLOYEES2_SEQ.NEXTVAL,'Michael', 'Rogers', 'MROGERS', '650.127.1834', TO_DATE('2006-08-26','YYYY-MM-DD'), 'ST_CLERK', 2900,NULL,122,50);

INSERT INTO EMPLOYEES2
(EMPLOYEE_ID, FIRST_NAME, LAST_NAME, EMAIL, PHONE_NUMBER, HIRE_DATE, JOB_ID, SALARY, COMMISSION_PCT, MANAGER_ID, DEPARTMENT_ID)
VALUES
(EMPLOYEES2_SEQ.NEXTVAL,'Ki', 'Gee', 'KGEE', '650.127.1734', TO_DATE('2007-12-12','YYYY-MM-DD'), 'ST_CLERK', 2400,NULL,122,50);

INSERT INTO EMPLOYEES2
(EMPLOYEE_ID, FIRST_NAME, LAST_NAME, EMAIL, PHONE_NUMBER, HIRE_DATE, JOB_ID, SALARY, COMMISSION_PCT, MANAGER_ID, DEPARTMENT_ID)
VALUES
(EMPLOYEES2_SEQ.NEXTVAL,'Hazel', 'Philtanker', 'HPHILTAN', '650.127.1634', TO_DATE('2008-02-06','YYYY-MM-DD'), 'ST_CLERK', 2200,NULL,122,50);

INSERT INTO EMPLOYEES2
(EMPLOYEE_ID, FIRST_NAME, LAST_NAME, EMAIL, PHONE_NUMBER, HIRE_DATE, JOB_ID, SALARY, COMMISSION_PCT, MANAGER_ID, DEPARTMENT_ID)
VALUES
(EMPLOYEES2_SEQ.NEXTVAL,'Renske', 'Ladwig', 'RLADWIG', '650.121.1234', TO_DATE('2003-07-14','YYYY-MM-DD'), 'ST_CLERK', 3600,NULL,123,50);

INSERT INTO EMPLOYEES2
(EMPLOYEE_ID, FIRST_NAME, LAST_NAME, EMAIL, PHONE_NUMBER, HIRE_DATE, JOB_ID, SALARY, COMMISSION_PCT, MANAGER_ID, DEPARTMENT_ID)
VALUES
(EMPLOYEES2_SEQ.NEXTVAL,'Stephen', 'Stiles', 'SSTILES', '650.121.2034', TO_DATE('2005-10-26','YYYY-MM-DD'), 'ST_CLERK', 3300,NULL,123,50);

INSERT INTO EMPLOYEES2
(EMPLOYEE_ID, FIRST_NAME, LAST_NAME, EMAIL, PHONE_NUMBER, HIRE_DATE, JOB_ID, SALARY, COMMISSION_PCT, MANAGER_ID, DEPARTMENT_ID)
VALUES
(EMPLOYEES2_SEQ.NEXTVAL,'John', 'Seo', 'JSEO', '650.121.2019', TO_DATE('2006-02-12','YYYY-MM-DD'), 'ST_CLERK', 2700,NULL,123,50);

INSERT INTO EMPLOYEES2
(EMPLOYEE_ID, FIRST_NAME, LAST_NAME, EMAIL, PHONE_NUMBER, HIRE_DATE, JOB_ID, SALARY, COMMISSION_PCT, MANAGER_ID, DEPARTMENT_ID)
VALUES
(EMPLOYEES2_SEQ.NEXTVAL,'Joshua', 'Patel', 'JPATEL', '650.121.1834', TO_DATE('2006-04-06','YYYY-MM-DD'), 'ST_CLERK', 2500,NULL,123,50);

INSERT INTO EMPLOYEES2
(EMPLOYEE_ID, FIRST_NAME, LAST_NAME, EMAIL, PHONE_NUMBER, HIRE_DATE, JOB_ID, SALARY, COMMISSION_PCT, MANAGER_ID, DEPARTMENT_ID)
VALUES
(EMPLOYEES2_SEQ.NEXTVAL,'Trenna', 'Rajs', 'TRAJS', '650.121.8009', TO_DATE('2003-10-17','YYYY-MM-DD'), 'ST_CLERK', 3500,NULL,124,50);

INSERT INTO EMPLOYEES2
(EMPLOYEE_ID, FIRST_NAME, LAST_NAME, EMAIL, PHONE_NUMBER, HIRE_DATE, JOB_ID, SALARY, COMMISSION_PCT, MANAGER_ID, DEPARTMENT_ID)
VALUES
(EMPLOYEES2_SEQ.NEXTVAL,'Curtis', 'Davies', 'CDAVIES', '650.121.2994', TO_DATE('2005-01-29','YYYY-MM-DD'), 'ST_CLERK',3100,NULL,124,50);

INSERT INTO EMPLOYEES2
(EMPLOYEE_ID, FIRST_NAME, LAST_NAME, EMAIL, PHONE_NUMBER, HIRE_DATE, JOB_ID, SALARY, COMMISSION_PCT, MANAGER_ID, DEPARTMENT_ID)
VALUES
(EMPLOYEES2_SEQ.NEXTVAL,'Randall', 'Matos', 'RMATOS', '650.121.2874', TO_DATE('2006-03-15','YYYY-MM-DD'), 'ST_CLERK',2600,NULL,124,50);

INSERT INTO EMPLOYEES2
(EMPLOYEE_ID, FIRST_NAME, LAST_NAME, EMAIL, PHONE_NUMBER, HIRE_DATE, JOB_ID, SALARY, COMMISSION_PCT, MANAGER_ID, DEPARTMENT_ID)
VALUES
(EMPLOYEES2_SEQ.NEXTVAL,'Peter', 'Vargas', 'PVARGAS', '650.121.2004', TO_DATE('2006-07-09','YYYY-MM-DD'), 'ST_CLERK',2500,NULL,124,50);

INSERT INTO EMPLOYEES2
(EMPLOYEE_ID, FIRST_NAME, LAST_NAME, EMAIL, PHONE_NUMBER, HIRE_DATE, JOB_ID, SALARY, COMMISSION_PCT, MANAGER_ID, DEPARTMENT_ID)
VALUES
(EMPLOYEES2_SEQ.NEXTVAL,'John', 'Russell', 'JRUSSEL', '011.44.1344.429268', TO_DATE('2004-10-01','YYYY-MM-DD'), 'SA_MAN',14000,0.4,100,80);

INSERT INTO EMPLOYEES2
(EMPLOYEE_ID, FIRST_NAME, LAST_NAME, EMAIL, PHONE_NUMBER, HIRE_DATE, JOB_ID, SALARY, COMMISSION_PCT, MANAGER_ID, DEPARTMENT_ID)
VALUES
(EMPLOYEES2_SEQ.NEXTVAL,'Karen', 'Partners', 'KPARTNER', '011.44.1344.467268', TO_DATE('2005-01-05','YYYY-MM-DD'), 'SA_MAN',13500,0.3,100,80);
--47번까지
*/
-----------------------------------------------------------------------------------------------------------------------------------------

/*
INSERT INTO EMPLOYEES2
(EMPLOYEE_ID, FIRST_NAME, LAST_NAME, EMAIL, PHONE_NUMBER, HIRE_DATE, JOB_ID, SALARY, COMMISSION_PCT, MANAGER_ID, DEPARTMENT_ID)
VALUES
(EMPLOYEES2_SEQ.NEXTVAL,'Alberto', 'Errazuriz', 'AERRAZUR', '011.44.1344.429278', TO_DATE('2005-03-10','YYYY-MM-DD'), 'SA_MAN', 12000,0.3,100,80);

INSERT INTO EMPLOYEES2
(EMPLOYEE_ID, FIRST_NAME, LAST_NAME, EMAIL, PHONE_NUMBER, HIRE_DATE, JOB_ID, SALARY, COMMISSION_PCT, MANAGER_ID, DEPARTMENT_ID)
VALUES
(EMPLOYEES2_SEQ.NEXTVAL,'Gerald', 'Cambrault', 'GCAMBRAU', '011.44.1344.619268', TO_DATE('2007-10-15','YYYY-MM-DD'), 'SA_MAN', 11000,0.3,100,80);

INSERT INTO EMPLOYEES2
(EMPLOYEE_ID, FIRST_NAME, LAST_NAME, EMAIL, PHONE_NUMBER, HIRE_DATE, JOB_ID, SALARY, COMMISSION_PCT, MANAGER_ID, DEPARTMENT_ID)
VALUES
(EMPLOYEES2_SEQ.NEXTVAL,'Eleni', 'Zlotkey', 'EZLOTKEY', '011.44.1344.429018', TO_DATE('2008-01-29','YYYY-MM-DD'), 'SA_MAN', 10500,0.2,100,80);

INSERT INTO EMPLOYEES2
(EMPLOYEE_ID, FIRST_NAME, LAST_NAME, EMAIL, PHONE_NUMBER, HIRE_DATE, JOB_ID, SALARY, COMMISSION_PCT, MANAGER_ID, DEPARTMENT_ID)
VALUES
(EMPLOYEES2_SEQ.NEXTVAL,'Peter', 'Tucker', 'PTUCKER', '011.44.1344.129268', TO_DATE('2005-01-30','YYYY-MM-DD'), 'SA_REP', 10000,0.3,145,80);

INSERT INTO EMPLOYEES2
(EMPLOYEE_ID, FIRST_NAME, LAST_NAME, EMAIL, PHONE_NUMBER, HIRE_DATE, JOB_ID, SALARY, COMMISSION_PCT, MANAGER_ID, DEPARTMENT_ID)
VALUES
(EMPLOYEES2_SEQ.NEXTVAL,'David', 'Bernstein', 'DBERNSTE', '011.44.1344.345268', TO_DATE('2005-03-24','YYYY-MM-DD'), 'SA_REP', 9500,0.25,145,80);

INSERT INTO EMPLOYEES2
(EMPLOYEE_ID, FIRST_NAME, LAST_NAME, EMAIL, PHONE_NUMBER, HIRE_DATE, JOB_ID, SALARY, COMMISSION_PCT, MANAGER_ID, DEPARTMENT_ID)
VALUES
(EMPLOYEES2_SEQ.NEXTVAL,'Peter', 'Hall', 'PHALL', '011.44.1344.478968', TO_DATE('2005-08-20','YYYY-MM-DD'), 'SA_REP', 9000,0.25,145,80);

INSERT INTO EMPLOYEES2
(EMPLOYEE_ID, FIRST_NAME, LAST_NAME, EMAIL, PHONE_NUMBER, HIRE_DATE, JOB_ID, SALARY, COMMISSION_PCT, MANAGER_ID, DEPARTMENT_ID)
VALUES
(EMPLOYEES2_SEQ.NEXTVAL,'Christopher', 'Olsen', 'COLSEN', '011.44.1344.498718', TO_DATE('2006-03-30','YYYY-MM-DD'), 'SA_REP', 8000,0.2,145,80);

INSERT INTO EMPLOYEES2
(EMPLOYEE_ID, FIRST_NAME, LAST_NAME, EMAIL, PHONE_NUMBER, HIRE_DATE, JOB_ID, SALARY, COMMISSION_PCT, MANAGER_ID, DEPARTMENT_ID)
VALUES
(EMPLOYEES2_SEQ.NEXTVAL,'Nanette', 'Cambrault', 'NCAMBRAU', '011.44.1344.987668', TO_DATE('2006-12-09','YYYY-MM-DD'), 'SA_REP', 7500,0.2,145,80);

INSERT INTO EMPLOYEES2
(EMPLOYEE_ID, FIRST_NAME, LAST_NAME, EMAIL, PHONE_NUMBER, HIRE_DATE, JOB_ID, SALARY, COMMISSION_PCT, MANAGER_ID, DEPARTMENT_ID)
VALUES
(EMPLOYEES2_SEQ.NEXTVAL,'Oliver', 'Tuvault', 'OTUVAULT', '011.44.1344.486508', TO_DATE('2007-11-23','YYYY-MM-DD'), 'SA_REP', 7000,0.15,145,80);

INSERT INTO EMPLOYEES2
(EMPLOYEE_ID, FIRST_NAME, LAST_NAME, EMAIL, PHONE_NUMBER, HIRE_DATE, JOB_ID, SALARY, COMMISSION_PCT, MANAGER_ID, DEPARTMENT_ID)
VALUES
(EMPLOYEES2_SEQ.NEXTVAL,'Janette', 'King', 'JKING', '011.44.1345.429268', TO_DATE('2004-01-30','YYYY-MM-DD'), 'SA_REP', 10000,0.35,146,80);

INSERT INTO EMPLOYEES2
(EMPLOYEE_ID, FIRST_NAME, LAST_NAME, EMAIL, PHONE_NUMBER, HIRE_DATE, JOB_ID, SALARY, COMMISSION_PCT, MANAGER_ID, DEPARTMENT_ID)
VALUES
(EMPLOYEES2_SEQ.NEXTVAL,'Patrick', 'Sully', 'PSULLY', '011.44.1345.929268', TO_DATE('2004-03-04','YYYY-MM-DD'), 'SA_REP', 9500,0.35,146,80);

INSERT INTO EMPLOYEES2
(EMPLOYEE_ID, FIRST_NAME, LAST_NAME, EMAIL, PHONE_NUMBER, HIRE_DATE, JOB_ID, SALARY, COMMISSION_PCT, MANAGER_ID, DEPARTMENT_ID)
VALUES
(EMPLOYEES2_SEQ.NEXTVAL,'Allan', 'McEwen', 'AMCEWEN', '011.44.1345.829268', TO_DATE('2004-08-01','YYYY-MM-DD'), 'SA_REP', 9000,0.35,146,80);

INSERT INTO EMPLOYEES2
(EMPLOYEE_ID, FIRST_NAME, LAST_NAME, EMAIL, PHONE_NUMBER, HIRE_DATE, JOB_ID, SALARY, COMMISSION_PCT, MANAGER_ID, DEPARTMENT_ID)
VALUES
(EMPLOYEES2_SEQ.NEXTVAL,'Lindsey', 'Smith', 'LSMITH', '011.44.1345.729268', TO_DATE('2005-03-10','YYYY-MM-DD'), 'SA_REP', 8000,0.3,146,80);

INSERT INTO EMPLOYEES2
(EMPLOYEE_ID, FIRST_NAME, LAST_NAME, EMAIL, PHONE_NUMBER, HIRE_DATE, JOB_ID, SALARY, COMMISSION_PCT, MANAGER_ID, DEPARTMENT_ID)
VALUES
(EMPLOYEES2_SEQ.NEXTVAL,'Louise', 'Doran', 'LDORAN', '011.44.1345.629268', TO_DATE('2005-12-15','YYYY-MM-DD'), 'SA_REP', 7500,0.3,146,80);

INSERT INTO EMPLOYEES2
(EMPLOYEE_ID, FIRST_NAME, LAST_NAME, EMAIL, PHONE_NUMBER, HIRE_DATE, JOB_ID, SALARY, COMMISSION_PCT, MANAGER_ID, DEPARTMENT_ID)
VALUES
(EMPLOYEES2_SEQ.NEXTVAL,'Sarath', 'Sewall', 'SSEWALL', '011.44.1345.529268', TO_DATE('2006-11-03','YYYY-MM-DD'), 'SA_REP', 7000,0.25,146,80);
*/
-- 62번까지
-----------------------------------------------------------------------------------------------------------------------------------------
/*
--63
INSERT INTO EMPLOYEES2
(EMPLOYEE_ID, FIRST_NAME, LAST_NAME, EMAIL, PHONE_NUMBER, HIRE_DATE, JOB_ID, SALARY, COMMISSION_PCT, MANAGER_ID, DEPARTMENT_ID)
VALUES
(EMPLOYEES2_SEQ.NEXTVAL,'Clara', 'Vishney', 'CVISHNEY', '011.44.1346.129268', TO_DATE('2005-11-11','YYYY-MM-DD'), 'SA_REP', 10500,0.25,147,80);

--64
INSERT INTO EMPLOYEES2
(EMPLOYEE_ID, FIRST_NAME, LAST_NAME, EMAIL, PHONE_NUMBER, HIRE_DATE, JOB_ID, SALARY, COMMISSION_PCT, MANAGER_ID, DEPARTMENT_ID)
VALUES
(EMPLOYEES2_SEQ.NEXTVAL,'Danielle', 'Greene', 'DGREENE', '011.44.1346.229268', TO_DATE('2007-03-19','YYYY-MM-DD'), 'SA_REP', 9500,0.15,147,80);

--65
INSERT INTO EMPLOYEES2
(EMPLOYEE_ID, FIRST_NAME, LAST_NAME, EMAIL, PHONE_NUMBER, HIRE_DATE, JOB_ID, SALARY, COMMISSION_PCT, MANAGER_ID, DEPARTMENT_ID)
VALUES
(EMPLOYEES2_SEQ.NEXTVAL,'Mattea', 'Marvins', 'MMARVINS', '011.44.1346.329268', TO_DATE('2008-01-24','YYYY-MM-DD'), 'SA_REP', 7200,0.1,147,80);

--66
INSERT INTO EMPLOYEES2
(EMPLOYEE_ID, FIRST_NAME, LAST_NAME, EMAIL, PHONE_NUMBER, HIRE_DATE, JOB_ID, SALARY, COMMISSION_PCT, MANAGER_ID, DEPARTMENT_ID)
VALUES
(EMPLOYEES2_SEQ.NEXTVAL,'David', 'Lee', 'DLEE', '011.44.1346.529268', TO_DATE('2008-02-23','YYYY-MM-DD'), 'SA_REP', 6800,0.1,147,80);

--67
INSERT INTO EMPLOYEES2
(EMPLOYEE_ID, FIRST_NAME, LAST_NAME, EMAIL, PHONE_NUMBER, HIRE_DATE, JOB_ID, SALARY, COMMISSION_PCT, MANAGER_ID, DEPARTMENT_ID)
VALUES
(EMPLOYEES2_SEQ.NEXTVAL,'Sundar', 'Ande', 'SANDE', '011.44.1346.629268', TO_DATE('2008-03-24','YYYY-MM-DD'), 'SA_REP', 6400,0.1,147,80);

--68
INSERT INTO EMPLOYEES2
(EMPLOYEE_ID, FIRST_NAME, LAST_NAME, EMAIL, PHONE_NUMBER, HIRE_DATE, JOB_ID, SALARY, COMMISSION_PCT, MANAGER_ID, DEPARTMENT_ID)
VALUES
(EMPLOYEES2_SEQ.NEXTVAL,'Amit', 'Banda', 'ABANDA', '011.44.1346.729268', TO_DATE('2008-04-21','YYYY-MM-DD'), 'SA_REP', 6200,0.1,147,80);

--69
INSERT INTO EMPLOYEES2
(EMPLOYEE_ID, FIRST_NAME, LAST_NAME, EMAIL, PHONE_NUMBER, HIRE_DATE, JOB_ID, SALARY, COMMISSION_PCT, MANAGER_ID, DEPARTMENT_ID)
VALUES
(EMPLOYEES2_SEQ.NEXTVAL,'Lisa', 'Ozer', 'LOZER', '011.44.1343.929268', TO_DATE('2005-03-11','YYYY-MM-DD'), 'SA_REP', 11500,0.25,148,80);

--70
INSERT INTO EMPLOYEES2
(EMPLOYEE_ID, FIRST_NAME, LAST_NAME, EMAIL, PHONE_NUMBER, HIRE_DATE, JOB_ID, SALARY, COMMISSION_PCT, MANAGER_ID, DEPARTMENT_ID)
VALUES
(EMPLOYEES2_SEQ.NEXTVAL,'Harrison', 'Bloom', 'HBLOOM', '011.44.1343.829268', TO_DATE('2006-03-23','YYYY-MM-DD'), 'SA_REP', 10000,0.2,148,80);

--71
INSERT INTO EMPLOYEES2
(EMPLOYEE_ID, FIRST_NAME, LAST_NAME, EMAIL, PHONE_NUMBER, HIRE_DATE, JOB_ID, SALARY, COMMISSION_PCT, MANAGER_ID, DEPARTMENT_ID)
VALUES
(EMPLOYEES2_SEQ.NEXTVAL,'Tayler', 'Fox', 'TFOX', '011.44.1343.729268', TO_DATE('2006-01-24','YYYY-MM-DD'), 'SA_REP', 9600,0.2,148,80);

--72
INSERT INTO EMPLOYEES2
(EMPLOYEE_ID, FIRST_NAME, LAST_NAME, EMAIL, PHONE_NUMBER, HIRE_DATE, JOB_ID, SALARY, COMMISSION_PCT, MANAGER_ID, DEPARTMENT_ID)
VALUES
(EMPLOYEES2_SEQ.NEXTVAL,'William', 'Smith', 'WSMITH', '011.44.1343.629268', TO_DATE('2007-02-23','YYYY-MM-DD'), 'SA_REP', 7400,0.15,148,80);

--73
INSERT INTO EMPLOYEES2
(EMPLOYEE_ID, FIRST_NAME, LAST_NAME, EMAIL, PHONE_NUMBER, HIRE_DATE, JOB_ID, SALARY, COMMISSION_PCT, MANAGER_ID, DEPARTMENT_ID)
VALUES
(EMPLOYEES2_SEQ.NEXTVAL,'Elizabeth', 'Bates', 'EBATES', '011.44.1343.529268', TO_DATE('2007-03-24','YYYY-MM-DD'), 'SA_REP', 7300,0.15,148,80);

--74
INSERT INTO EMPLOYEES2
(EMPLOYEE_ID, FIRST_NAME, LAST_NAME, EMAIL, PHONE_NUMBER, HIRE_DATE, JOB_ID, SALARY, COMMISSION_PCT, MANAGER_ID, DEPARTMENT_ID)
VALUES
(EMPLOYEES2_SEQ.NEXTVAL,'Sundita', 'Kumar', 'SKUMAR', '011.44.1343.329268', TO_DATE('2008-04-21','YYYY-MM-DD'), 'SA_REP', 6100,0.1,148,80);

--75
INSERT INTO EMPLOYEES2
(EMPLOYEE_ID, FIRST_NAME, LAST_NAME, EMAIL, PHONE_NUMBER, HIRE_DATE, JOB_ID, SALARY, COMMISSION_PCT, MANAGER_ID, DEPARTMENT_ID)
VALUES
(EMPLOYEES2_SEQ.NEXTVAL,'Ellen', 'Abel', 'EABEL', '011.44.1644.429267', TO_DATE('2004-05-11','YYYY-MM-DD'), 'SA_REP', 11000,0.3,149,80);

--76
INSERT INTO EMPLOYEES2
(EMPLOYEE_ID, FIRST_NAME, LAST_NAME, EMAIL, PHONE_NUMBER, HIRE_DATE, JOB_ID, SALARY, COMMISSION_PCT, MANAGER_ID, DEPARTMENT_ID)
VALUES
(EMPLOYEES2_SEQ.NEXTVAL,'Alyssa', 'Hutton', 'AHUTTON', '011.44.1644.429266', TO_DATE('2005-03-19','YYYY-MM-DD'), 'SA_REP', 8800,0.25,149,80);

--77
INSERT INTO EMPLOYEES2
(EMPLOYEE_ID, FIRST_NAME, LAST_NAME, EMAIL, PHONE_NUMBER, HIRE_DATE, JOB_ID, SALARY, COMMISSION_PCT, MANAGER_ID, DEPARTMENT_ID)
VALUES
(EMPLOYEES2_SEQ.NEXTVAL,'Jonathon', 'Taylor', 'JTAYLOR', '011.44.1644.429265', TO_DATE('2006-03-24','YYYY-MM-DD'), 'SA_REP', 8600,0.2,149,80);
*/

-----------------------------------------------------------------------------------------------------------------
/*
--78
INSERT INTO EMPLOYEES2(EMPLOYEE_ID, FIRST_NAME, LAST_NAME, EMAIL, PHONE_NUMBER, HIRE_DATE, JOB_ID, SALARY, COMMISSION_PCT, MANAGER_ID, DEPARTMENT_ID)
VALUES(EMPLOYEES2_SEQ.NEXTVAL, 'Jack', 'Livingston', 'JLIVINGS', '011.44.1644.429264', TO_DATE('2006-04-23' , 'YYYY-MM-DD'), 'SA_REP', 8400, 0.2, 149, 80);

--79
INSERT INTO EMPLOYEES2(EMPLOYEE_ID, FIRST_NAME, LAST_NAME, EMAIL, PHONE_NUMBER, HIRE_DATE, JOB_ID, SALARY, COMMISSION_PCT, MANAGER_ID)
VALUES(EMPLOYEES2_SEQ.NEXTVAL, 'Kimberely', 'Grant', 'KGRANT', '011.44.1644.429263', TO_DATE('2007-05-24' , 'YYYY-MM-DD'), 'SA_REP', 7000, 0.15, 149);

--80
INSERT INTO EMPLOYEES2(EMPLOYEE_ID, FIRST_NAME, LAST_NAME, EMAIL, PHONE_NUMBER, HIRE_DATE, JOB_ID, SALARY, COMMISSION_PCT, MANAGER_ID, DEPARTMENT_ID)
VALUES(EMPLOYEES2_SEQ.NEXTVAL, 'Charles', 'Johnson', 'CJOHNSON', '011.44.1644.429262', TO_DATE('2008-01-04' , 'YYYY-MM-DD'), 'SA_REP', 6200, 0.1, 149, 80);

--81
INSERT INTO EMPLOYEES2(EMPLOYEE_ID, FIRST_NAME, LAST_NAME, EMAIL, PHONE_NUMBER, HIRE_DATE, JOB_ID, SALARY, MANAGER_ID, DEPARTMENT_ID)
VALUES(EMPLOYEES2_SEQ.NEXTVAL, 'Winston', 'Taylor', 'WTAYLOR', '650.507.9876', TO_DATE('2006-01-24' , 'YYYY-MM-DD'), 'SH_CLERK', 3200, 120, 50);

--82
INSERT INTO EMPLOYEES2(EMPLOYEE_ID, FIRST_NAME, LAST_NAME, EMAIL, PHONE_NUMBER, HIRE_DATE, JOB_ID, SALARY, MANAGER_ID, DEPARTMENT_ID)
VALUES(EMPLOYEES2_SEQ.NEXTVAL, 'Jean', 'Fleaur', 'JFLEAUR', '650.507.9877', TO_DATE('2006-02-23' , 'YYYY-MM-DD'), 'SH_CLERK', 3100, 120, 50);

--83
INSERT INTO EMPLOYEES2(EMPLOYEE_ID, FIRST_NAME, LAST_NAME, EMAIL, PHONE_NUMBER, HIRE_DATE, JOB_ID, SALARY, MANAGER_ID, DEPARTMENT_ID)
VALUES(EMPLOYEES2_SEQ.NEXTVAL, 'Martha', 'Sullivan', 'MSULLIVA', '650.507.9878', TO_DATE('2007-06-21' , 'YYYY-MM-DD'), 'SH_CLERK', 2500, 120, 50);

--84
INSERT INTO EMPLOYEES2(EMPLOYEE_ID, FIRST_NAME, LAST_NAME, EMAIL, PHONE_NUMBER, HIRE_DATE, JOB_ID, SALARY, MANAGER_ID, DEPARTMENT_ID)
VALUES(EMPLOYEES2_SEQ.NEXTVAL, 'Girard', 'Geoni', 'GGEONI', '650.507.9879', TO_DATE('2008-02-03' , 'YYYY-MM-DD'), 'SH_CLERK', 2800, 120, 50);

--85
INSERT INTO EMPLOYEES2(EMPLOYEE_ID, FIRST_NAME, LAST_NAME, EMAIL, PHONE_NUMBER, HIRE_DATE, JOB_ID, SALARY, MANAGER_ID, DEPARTMENT_ID)
VALUES(EMPLOYEES2_SEQ.NEXTVAL, 'Nandita', 'Sarchand', 'NSARCHAN', '650.509.1876', TO_DATE('2004-01-27' , 'YYYY-MM-DD'), 'SH_CLERK', 4200, 121, 50);

--86
INSERT INTO EMPLOYEES2(EMPLOYEE_ID, FIRST_NAME, LAST_NAME, EMAIL, PHONE_NUMBER, HIRE_DATE, JOB_ID, SALARY, MANAGER_ID, DEPARTMENT_ID)
VALUES(EMPLOYEES2_SEQ.NEXTVAL, 'Alexis', 'Bull', 'ABULL', '650.509.2876', TO_DATE('2005-02-20' , 'YYYY-MM-DD'), 'SH_CLERK', 4100, 121, 50);

--87
INSERT INTO EMPLOYEES2(EMPLOYEE_ID, FIRST_NAME, LAST_NAME, EMAIL, PHONE_NUMBER, HIRE_DATE, JOB_ID, SALARY, MANAGER_ID, DEPARTMENT_ID)
VALUES(EMPLOYEES2_SEQ.NEXTVAL, 'Julia', 'Dellinger', 'JDELLING', '650.509.3876', TO_DATE('2006-06-24' , 'YYYY-MM-DD'), 'SH_CLERK', 3400, 121, 50);

--88
INSERT INTO EMPLOYEES2(EMPLOYEE_ID, FIRST_NAME, LAST_NAME, EMAIL, PHONE_NUMBER, HIRE_DATE, JOB_ID, SALARY, MANAGER_ID, DEPARTMENT_ID)
VALUES(EMPLOYEES2_SEQ.NEXTVAL, 'Anthony', 'Cabrio', 'ACABRIO', '650.509.4876', TO_DATE('2007-02-07' , 'YYYY-MM-DD'), 'SH_CLERK', 3000, 121, 50);

--89
INSERT INTO EMPLOYEES2(EMPLOYEE_ID, FIRST_NAME, LAST_NAME, EMAIL, PHONE_NUMBER, HIRE_DATE, JOB_ID, SALARY, MANAGER_ID, DEPARTMENT_ID)
VALUES(EMPLOYEES2_SEQ.NEXTVAL, 'Kelly', 'Chung', 'KCHUNG', '650.505.1876', TO_DATE('2005-06-14' , 'YYYY-MM-DD'), 'SH_CLERK', 3800, 122, 50);

--90
INSERT INTO EMPLOYEES2(EMPLOYEE_ID, FIRST_NAME, LAST_NAME, EMAIL, PHONE_NUMBER, HIRE_DATE, JOB_ID, SALARY, MANAGER_ID, DEPARTMENT_ID)
VALUES(EMPLOYEES2_SEQ.NEXTVAL, 'Jennifer', 'Dilly', 'JDILLY', '650.505.2876', TO_DATE('2005-08-13' , 'YYYY-MM-DD'), 'SH_CLERK', 3600, 122, 50);

--91
INSERT INTO EMPLOYEES2(EMPLOYEE_ID, FIRST_NAME, LAST_NAME, EMAIL, PHONE_NUMBER, HIRE_DATE, JOB_ID, SALARY, MANAGER_ID, DEPARTMENT_ID)
VALUES(EMPLOYEES2_SEQ.NEXTVAL, 'Timothy', 'Gates', 'TGATES', '650.505.3876', TO_DATE('2006-07-11' , 'YYYY-MM-DD'), 'SH_CLERK', 2900, 122, 50);

--92
INSERT INTO EMPLOYEES2(EMPLOYEE_ID, FIRST_NAME, LAST_NAME, EMAIL, PHONE_NUMBER, HIRE_DATE, JOB_ID, SALARY, MANAGER_ID, DEPARTMENT_ID)
VALUES(EMPLOYEES2_SEQ.NEXTVAL, 'Randall', 'Perkins', 'RPERKINS', '650.505.4876', TO_DATE('2007-12-19' , 'YYYY-MM-DD'), 'SH_CLERK', 2500, 122, 50);
*/
/*
INSERT INTO EMPLOYEES2 --93
(EMPLOYEE_ID, FIRST_NAME, LAST_NAME, EMAIL, PHONE_NUMBER, HIRE_DATE, JOB_ID, SALARY, COMMISSION_PCT, MANAGER_ID, DEPARTMENT_ID)
VALUES
(EMPLOYEES2_SEQ.NEXTVAL,'Sarah', 'Bell', 'SBELL', '650.501.1876', TO_DATE('2004-02-04','YYYY-MM-DD'), 'SH_CLERK', 4000,NULL,123,50);

INSERT INTO EMPLOYEES2 --94
(EMPLOYEE_ID, FIRST_NAME, LAST_NAME, EMAIL, PHONE_NUMBER, HIRE_DATE, JOB_ID, SALARY, COMMISSION_PCT, MANAGER_ID, DEPARTMENT_ID)
VALUES
(EMPLOYEES2_SEQ.NEXTVAL,'Britney', 'Everett', 'BEVERETT', '650.501.2876', TO_DATE('2005-03-03','YYYY-MM-DD'), 'SH_CLERK', 3900,NULL,123,50);

INSERT INTO EMPLOYEES2 --95
(EMPLOYEE_ID, FIRST_NAME, LAST_NAME, EMAIL, PHONE_NUMBER, HIRE_DATE, JOB_ID, SALARY, COMMISSION_PCT, MANAGER_ID, DEPARTMENT_ID)
VALUES
(EMPLOYEES2_SEQ.NEXTVAL,'Samuel', 'McCain', 'SMCCAIN', '650.501.3876', TO_DATE('2006-07-01','YYYY-MM-DD'), 'SH_CLERK', 3200,NULL,123,50);

INSERT INTO EMPLOYEES2 --96
(EMPLOYEE_ID, FIRST_NAME, LAST_NAME, EMAIL, PHONE_NUMBER, HIRE_DATE, JOB_ID, SALARY, COMMISSION_PCT, MANAGER_ID, DEPARTMENT_ID)
VALUES
(EMPLOYEES2_SEQ.NEXTVAL,'Vance', 'Jones', 'VJONES', '650.501.4876', TO_DATE('2007-03-17','YYYY-MM-DD'), 'SH_CLERK', 2800,NULL,123,50);

INSERT INTO EMPLOYEES2 --97
(EMPLOYEE_ID, FIRST_NAME, LAST_NAME, EMAIL, PHONE_NUMBER, HIRE_DATE, JOB_ID, SALARY, COMMISSION_PCT, MANAGER_ID, DEPARTMENT_ID)
VALUES
(EMPLOYEES2_SEQ.NEXTVAL,'Alana', 'Walsh', 'AWALSH', '650.507.9811', TO_DATE('2006-04-24','YYYY-MM-DD'), 'SH_CLERK', 3100,NULL,124,50);

INSERT INTO EMPLOYEES2 --98
(EMPLOYEE_ID, FIRST_NAME, LAST_NAME, EMAIL, PHONE_NUMBER, HIRE_DATE, JOB_ID, SALARY, COMMISSION_PCT, MANAGER_ID, DEPARTMENT_ID)
VALUES
(EMPLOYEES2_SEQ.NEXTVAL,'Kevin', 'Feeney', 'KFEENEY', '650.507.9822', TO_DATE('2006-05-23','YYYY-MM-DD'), 'SH_CLERK', 3000,NULL,124,50);

INSERT INTO EMPLOYEES2 --99
(EMPLOYEE_ID, FIRST_NAME, LAST_NAME, EMAIL, PHONE_NUMBER, HIRE_DATE, JOB_ID, SALARY, COMMISSION_PCT, MANAGER_ID, DEPARTMENT_ID)
VALUES
(EMPLOYEES2_SEQ.NEXTVAL,'Donald', 'OConnell', 'DOCONNEL', '650.507.9833', TO_DATE('2007-06-21','YYYY-MM-DD'), 'SH_CLERK', 2600,NULL,124,50);

INSERT INTO EMPLOYEES2 --100
(EMPLOYEE_ID, FIRST_NAME, LAST_NAME, EMAIL, PHONE_NUMBER, HIRE_DATE, JOB_ID, SALARY, COMMISSION_PCT, MANAGER_ID, DEPARTMENT_ID)
VALUES
(EMPLOYEES2_SEQ.NEXTVAL,'Douglas', 'Grant', 'DGRANT', '650.507.9844', TO_DATE('2008-01-13','YYYY-MM-DD'), 'SH_CLERK', 2600,NULL,124,50);

INSERT INTO EMPLOYEES2 --101
(EMPLOYEE_ID, FIRST_NAME, LAST_NAME, EMAIL, PHONE_NUMBER, HIRE_DATE, JOB_ID, SALARY, COMMISSION_PCT, MANAGER_ID, DEPARTMENT_ID)
VALUES
(EMPLOYEES2_SEQ.NEXTVAL,'Jennifer', 'Whalen', 'JWHALEN', '515.123.4444', TO_DATE('2003-09-17','YYYY-MM-DD'), 'AD_ASST', 4400,NULL,101,10);

INSERT INTO EMPLOYEES2 --102
(EMPLOYEE_ID, FIRST_NAME, LAST_NAME, EMAIL, PHONE_NUMBER, HIRE_DATE, JOB_ID, SALARY, COMMISSION_PCT, MANAGER_ID, DEPARTMENT_ID)
VALUES
(EMPLOYEES2_SEQ.NEXTVAL,'Michael', 'Hartstein', 'MHARTSTE', '515.123.5555', TO_DATE('2004-02-17','YYYY-MM-DD'), 'MK_MAN', 13000,NULL,100,20);

INSERT INTO EMPLOYEES2 --103
(EMPLOYEE_ID, FIRST_NAME, LAST_NAME, EMAIL, PHONE_NUMBER, HIRE_DATE, JOB_ID, SALARY, COMMISSION_PCT, MANAGER_ID, DEPARTMENT_ID)
VALUES
(EMPLOYEES2_SEQ.NEXTVAL,'Pat', 'Fay', 'PFAY', '603.123.6666', TO_DATE('2005-08-17','YYYY-MM-DD'), 'MK_REP', 6000,NULL,201,20);

INSERT INTO EMPLOYEES2 --104
(EMPLOYEE_ID, FIRST_NAME, LAST_NAME, EMAIL, PHONE_NUMBER, HIRE_DATE, JOB_ID, SALARY, COMMISSION_PCT, MANAGER_ID, DEPARTMENT_ID)
VALUES
(EMPLOYEES2_SEQ.NEXTVAL,'Susan', 'Mavris', 'SMAVRIS', '515.123.7777', TO_DATE('2002-06-07','YYYY-MM-DD'), 'HR_REP', 6500,NULL,101,40);

INSERT INTO EMPLOYEES2 --105
(EMPLOYEE_ID, FIRST_NAME, LAST_NAME, EMAIL, PHONE_NUMBER, HIRE_DATE, JOB_ID, SALARY, COMMISSION_PCT, MANAGER_ID, DEPARTMENT_ID)
VALUES
(EMPLOYEES2_SEQ.NEXTVAL,'Hermann', 'Baer', 'HBAER', '515.123.8888', TO_DATE('2002-06-07','YYYY-MM-DD'), 'PR_REP', 10000,NULL,101,70);

INSERT INTO EMPLOYEES2 --106
(EMPLOYEE_ID, FIRST_NAME, LAST_NAME, EMAIL, PHONE_NUMBER, HIRE_DATE, JOB_ID, SALARY, COMMISSION_PCT, MANAGER_ID, DEPARTMENT_ID)
VALUES
(EMPLOYEES2_SEQ.NEXTVAL,'Shelley', 'Higgins', 'SHIGGINS', '515.123.8080', TO_DATE('2002-06-07','YYYY-MM-DD'), 'AC_MGR', 12008,NULL,101,110);

INSERT INTO EMPLOYEES2 --107
(EMPLOYEE_ID, FIRST_NAME, LAST_NAME, EMAIL, PHONE_NUMBER, HIRE_DATE, JOB_ID, SALARY, COMMISSION_PCT, MANAGER_ID, DEPARTMENT_ID)
VALUES
(EMPLOYEES2_SEQ.NEXTVAL,'William', 'Gietz', 'WGIETZ', '515.123.8181', TO_DATE('2002-06-07','YYYY-MM-DD'), 'AC_ACCOUNT', 8300,NULL,205,110);
*/

COMMIT;
--==> 커밋 완료.

SELECT *
FROM EMPLOYEES2
ORDER BY 1;
/*
100	Steven	King	SKING	515.123.4567	2003-06-17	AD_PRES	24000			90
101	Neena	Kochhar	NKOCHHAR	515.123.4568	2005-09-21	AD_VP	17000		100	90
102	Lex	De Haan	LDEHAAN	515.123.4569	2001-01-13	AD_VP	17000		100	90
103	Alexander	Hunold	AHUNOLD	590.423.4567	2006-01-03	IT_PROG	9000		102	60
104	Bruce	Ernst	BERNST	590.423.4568	2007-05-21	IT_PROG	6000		103	60
105	David	Austin	DAUSTIN	590.423.4569	2005-06-25	IT_PROG	4800		103	60
106	Valli	Pataballa	VPATABAL	590.423.4560	2006-02-05	IT_PROG	4800		103	60
107	Diana	Lorentz	DLORENTZ	590.423.5567	2007-02-07	IT_PROG	4200		103	60
108	Nancy	Greenberg	NGREENBE	515.124.4569	2002-08-17	FI_MGR	12008		101	100
109	Daniel	Faviet	DFAVIET	515.124.4169	2002-08-16	FI_ACCOUNT	9000		108	100
110	John	Chen	JCHEN	515.124.4269	2005-09-28	FI_ACCOUNT	8200		108	100
111	Ismael	Sciarra	ISCIARRA	515.124.4369	2005-09-30	FI_ACCOUNT	7700		108	100
112	Jose Manuel	Urman	JMURMAN	515.124.4469	2006-03-07	FI_ACCOUNT	7800		108	100
113	Luis	Popp	LPOPP	515.124.4567	2007-12-07	FI_ACCOUNT	6900		108	100
114	Den	Raphaely	DRAPHEAL	515.127.4561	2002-12-07	PU_MAN	11000		100	30
115	Alexander	Khoo	AKHOO	515.127.4562	2003-05-18	PU_CLERK	3100		114	30
116	Shelli	Baida	SBAIDA	515.127.4563	2005-12-24	PU_CLERK	2900		114	30
117	Sigal	Tobias	STOBIAS	515.127.4564	2005-07-24	PU_CLERK	2800		114	30
118	Guy	Himuro	GHIMURO	515.127.4565	2006-11-15	PU_CLERK	2600		114	30
119	Karen	Colmenares	KCOLMENA	515.127.4566	2007-08-10	PU_CLERK	2500		114	30
120	Matthew	Weiss	MWEISS	650.123.1234	2004-07-18	ST_MAN	8000		100	50
121	Adam	Fripp	AFRIPP	650.123.2234	2005-04-10	ST_MAN	8200		100	50
122	Payam	Kaufling	PKAUFLIN	650.123.3234	2003-05-01	ST_MAN	7900		100	50
123	Shanta	Vollman	SVOLLMAN	650.123.4234	2005-10-10	ST_MAN	6500		100	50
124	Kevin	Mourgos	KMOURGOS	650.123.5234	2007-11-16	ST_MAN	5800		100	50
125	Julia	Nayer	JNAYER	650.124.1214	2005-07-16	ST_CLERK	3200		120	50
126	Irene	Mikkilineni	IMIKKILI	650.124.1224	2006-09-28	ST_CLERK	2700		120	50
127	James	Landry	JLANDRY	650.124.1334	2007-01-14	ST_CLERK	2400		120	50
128	Steven	Markle	SMARKLE	650.124.1434	2008-03-08	ST_CLERK	2200		120	50
129	Laura	Bissot	LBISSOT	650.124.5234	2005-08-20	ST_CLERK	3300		121	50
130	Mozhe	Atkinson	MATKINSO	650.124.6234	2005-10-30	ST_CLERK	2800		121	50
131	James	Marlow	JAMRLOW	650.124.7234	2005-02-16	ST_CLERK	2500		121	50
132	TJ	Olson	TJOLSON	650.124.8234	2007-04-10	ST_CLERK	2100		121	50
133	Jason	Mallin	JMALLIN	650.127.1934	2004-06-14	ST_CLERK	3300		122	50
134	Michael	Rogers	MROGERS	650.127.1834	2006-08-26	ST_CLERK	2900		122	50
135	Ki	Gee	KGEE	650.127.1734	2007-12-12	ST_CLERK	2400		122	50
136	Hazel	Philtanker	HPHILTAN	650.127.1634	2008-02-06	ST_CLERK	2200		122	50
137	Renske	Ladwig	RLADWIG	650.121.1234	2003-07-14	ST_CLERK	3600		123	50
138	Stephen	Stiles	SSTILES	650.121.2034	2005-10-26	ST_CLERK	3300		123	50
139	John	Seo	JSEO	650.121.2019	2006-02-12	ST_CLERK	2700		123	50
140	Joshua	Patel	JPATEL	650.121.1834	2006-04-06	ST_CLERK	2500		123	50
141	Trenna	Rajs	TRAJS	650.121.8009	2003-10-17	ST_CLERK	3500		124	50
142	Curtis	Davies	CDAVIES	650.121.2994	2005-01-29	ST_CLERK	3100		124	50
143	Randall	Matos	RMATOS	650.121.2874	2006-03-15	ST_CLERK	2600		124	50
144	Peter	Vargas	PVARGAS	650.121.2004	2006-07-09	ST_CLERK	2500		124	50
145	John	Russell	JRUSSEL	011.44.1344.429268	2004-10-01	SA_MAN	14000	0.4	100	80
146	Karen	Partners	KPARTNER	011.44.1344.467268	2005-01-05	SA_MAN	13500	0.3	100	80
147	Alberto	Errazuriz	AERRAZUR	011.44.1344.429278	2005-03-10	SA_MAN	12000	0.3	100	80
148	Gerald	Cambrault	GCAMBRAU	011.44.1344.619268	2007-10-15	SA_MAN	11000	0.3	100	80
149	Eleni	Zlotkey	EZLOTKEY	011.44.1344.429018	2008-01-29	SA_MAN	10500	0.2	100	80
150	Peter	Tucker	PTUCKER	011.44.1344.129268	2005-01-30	SA_REP	10000	0.3	145	80
151	David	Bernstein	DBERNSTE	011.44.1344.345268	2005-03-24	SA_REP	9500	0.25	145	80
152	Peter	Hall	PHALL	011.44.1344.478968	2005-08-20	SA_REP	9000	0.25	145	80
153	Christopher	Olsen	COLSEN	011.44.1344.498718	2006-03-30	SA_REP	8000	0.2	145	80
154	Nanette	Cambrault	NCAMBRAU	011.44.1344.987668	2006-12-09	SA_REP	7500	0.2	145	80
155	Oliver	Tuvault	OTUVAULT	011.44.1344.486508	2007-11-23	SA_REP	7000	0.15	145	80
156	Janette	King	JKING	011.44.1345.429268	2004-01-30	SA_REP	10000	0.35	146	80
157	Patrick	Sully	PSULLY	011.44.1345.929268	2004-03-04	SA_REP	9500	0.35	146	80
158	Allan	McEwen	AMCEWEN	011.44.1345.829268	2004-08-01	SA_REP	9000	0.35	146	80
159	Lindsey	Smith	LSMITH	011.44.1345.729268	2005-03-10	SA_REP	8000	0.3	146	80
160	Louise	Doran	LDORAN	011.44.1345.629268	2005-12-15	SA_REP	7500	0.3	146	80
161	Sarath	Sewall	SSEWALL	011.44.1345.529268	2006-11-03	SA_REP	7000	0.25	146	80
162	Clara	Vishney	CVISHNEY	011.44.1346.129268	2005-11-11	SA_REP	10500	0.25	147	80
163	Danielle	Greene	DGREENE	011.44.1346.229268	2007-03-19	SA_REP	9500	0.15	147	80
164	Mattea	Marvins	MMARVINS	011.44.1346.329268	2008-01-24	SA_REP	7200	0.1	147	80
165	David	Lee	DLEE	011.44.1346.529268	2008-02-23	SA_REP	6800	0.1	147	80
166	Sundar	Ande	SANDE	011.44.1346.629268	2008-03-24	SA_REP	6400	0.1	147	80
167	Amit	Banda	ABANDA	011.44.1346.729268	2008-04-21	SA_REP	6200	0.1	147	80
168	Lisa	Ozer	LOZER	011.44.1343.929268	2005-03-11	SA_REP	11500	0.25	148	80
169	Harrison	Bloom	HBLOOM	011.44.1343.829268	2006-03-23	SA_REP	10000	0.2	148	80
170	Tayler	Fox	TFOX	011.44.1343.729268	2006-01-24	SA_REP	9600	0.2	148	80
171	William	Smith	WSMITH	011.44.1343.629268	2007-02-23	SA_REP	7400	0.15	148	80
172	Elizabeth	Bates	EBATES	011.44.1343.529268	2007-03-24	SA_REP	7300	0.15	148	80
173	Sundita	Kumar	SKUMAR	011.44.1343.329268	2008-04-21	SA_REP	6100	0.1	148	80
174	Ellen	Abel	EABEL	011.44.1644.429267	2004-05-11	SA_REP	11000	0.3	149	80
175	Alyssa	Hutton	AHUTTON	011.44.1644.429266	2005-03-19	SA_REP	8800	0.25	149	80
176	Jonathon	Taylor	JTAYLOR	011.44.1644.429265	2006-03-24	SA_REP	8600	0.2	149	80
177	Jack	Livingston	JLIVINGS	011.44.1644.429264	2006-04-23	SA_REP	8400	0.2	149	80
178	Kimberely	Grant	KGRANT	011.44.1644.429263	2007-05-24	SA_REP	7000	0.15	149	
179	Charles	Johnson	CJOHNSON	011.44.1644.429262	2008-01-04	SA_REP	6200	0.1	149	80
180	Winston	Taylor	WTAYLOR	650.507.9876	2006-01-24	SH_CLERK	3200		120	50
181	Jean	Fleaur	JFLEAUR	650.507.9877	2006-02-23	SH_CLERK	3100		120	50
182	Martha	Sullivan	MSULLIVA	650.507.9878	2007-06-21	SH_CLERK	2500		120	50
183	Girard	Geoni	GGEONI	650.507.9879	2008-02-03	SH_CLERK	2800		120	50
184	Nandita	Sarchand	NSARCHAN	650.509.1876	2004-01-27	SH_CLERK	4200		121	50
185	Alexis	Bull	ABULL	650.509.2876	2005-02-20	SH_CLERK	4100		121	50
186	Julia	Dellinger	JDELLING	650.509.3876	2006-06-24	SH_CLERK	3400		121	50
187	Anthony	Cabrio	ACABRIO	650.509.4876	2007-02-07	SH_CLERK	3000		121	50
188	Kelly	Chung	KCHUNG	650.505.1876	2005-06-14	SH_CLERK	3800		122	50
189	Jennifer	Dilly	JDILLY	650.505.2876	2005-08-13	SH_CLERK	3600		122	50
190	Timothy	Gates	TGATES	650.505.3876	2006-07-11	SH_CLERK	2900		122	50
191	Randall	Perkins	RPERKINS	650.505.4876	2007-12-19	SH_CLERK	2500		122	50
192	Sarah	Bell	SBELL	650.501.1876	2004-02-04	SH_CLERK	4000		123	50
193	Britney	Everett	BEVERETT	650.501.2876	2005-03-03	SH_CLERK	3900		123	50
194	Samuel	McCain	SMCCAIN	650.501.3876	2006-07-01	SH_CLERK	3200		123	50
195	Vance	Jones	VJONES	650.501.4876	2007-03-17	SH_CLERK	2800		123	50
196	Alana	Walsh	AWALSH	650.507.9811	2006-04-24	SH_CLERK	3100		124	50
197	Kevin	Feeney	KFEENEY	650.507.9822	2006-05-23	SH_CLERK	3000		124	50
198	Donald	OConnell	DOCONNEL	650.507.9833	2007-06-21	SH_CLERK	2600		124	50
199	Douglas	Grant	DGRANT	650.507.9844	2008-01-13	SH_CLERK	2600		124	50
200	Jennifer	Whalen	JWHALEN	515.123.4444	2003-09-17	AD_ASST	4400		101	10
201	Michael	Hartstein	MHARTSTE	515.123.5555	2004-02-17	MK_MAN	13000		100	20
202	Pat	Fay	PFAY	603.123.6666	2005-08-17	MK_REP	6000		201	20
203	Susan	Mavris	SMAVRIS	515.123.7777	2002-06-07	HR_REP	6500		101	40
204	Hermann	Baer	HBAER	515.123.8888	2002-06-07	PR_REP	10000		101	70
205	Shelley	Higgins	SHIGGINS	515.123.8080	2002-06-07	AC_MGR	12008		101	110
206	William	Gietz	WGIETZ	515.123.8181	2002-06-07	AC_ACCOUNT	8300		205	110
*/

SELECT *
FROM COUNTRIES2;
/*
AR	Argentina	2
AU	Australia	3
BE	Belgium	1
BR	Brazil	2
CA	Canada	2
CH	Switzerland	1
CN	China	3
DE	Germany	1
Dk	Denmark	1
EG	Egypt	4
FR	France	1
IL	Israel	4
IN	India	3
IT	Italy	1
JP	Japan	3
KW	Kuwait	4
ML	Malaysia	3
MX	Mexico	2
NG	Nigeria	4
NL	Netherlands	1
SG	Singapore	3
UK	United Kingdom	1
US	United States of America	2
ZM	Zambia	4
ZW	Zimbabwe	4
*/

SELECT *
FROM DEPARTMENTS2;
/*
10	Administration	200	1700
20	Marketing	201	1800
30	Purchasing	114	1700
40	Human Resources	203	2400
50	Shipping	121	1500
60	IT	103	1400
70	Public Relations	204	2700
80	Sales	145	2500
90	Executive	100	1700
100	Finance	108	1700
110	Accounting	205	1700
120	Treasury		1700
130	Corporate Tax		1700
140	Control And Credit		1700
150	Shareholder Services		1700
160	Benefits		1700
170	Manufacturing		1700
180	Construction		1700
190	Contracting		1700
200	Operations		1700
210	IT Support		1700
220	NOC		1700
230	IT Helpdesk		1700
240	Government Sales		1700
250	Retail Sales		1700
260	Recruiting		1700
270	Payroll		1700
*/

SELECT *
FROM JOBS2;
/*
AD_PRES	President	20080	40000
AD_VP	Administration Vice President	15000	30000
AD_ASST	Administration Assistant	3000	6000
FI_MGR	Finance Manager	8200	16000
FI_ACCOUNT	Accountant	4200	9000
AC_MGR	Accounting Manager	8200	16000
AC_ACCOUNT	Public Accountant	4200	9000
SA_MAN	Sales Manager	10000	20080
SA_REP	Sales Representative	6000	12008
PU_MAN	Purchasing Manager	8000	15000
PU_CLERK	Purchasing Clerk	2500	5500
ST_MAN	Stock Manager	5500	8500
ST_CLERK	Stock Clerk	2008	5000
SH_CLERK	Shipping Clerk	2500	5500
IT_PROG	Programmer	4000	10000
MK_MAN	Marketing Manager	9000	15000
MK_REP	Marketing Representative	4000	9000
HR_REP	Human Resources Representative	4000	9000
PR_REP	Public Relations Representative	4500	10500
*/

SELECT *
FROM JOB_HISTORY2;
/*
102	2001-01-13	2006-07-24	IT_PROG	60
101	1997-09-21	2001-10-27	AC_ACCOUNT	110
101	2001-10-28	2005-03-15	AC_MGR	110
201	2004-02-17	2007-12-19	MK_REP	20
114	2006-03-24	2007-12-31	ST_CLERK	50
122	2007-01-01	2007-12-31	ST_CLERK	50
200	1995-09-17	2001-06-17	AD_ASST	90
176	2006-03-24	2006-12-31	SA_REP	80
176	2007-01-01	2007-12-31	SA_MAN	80
200	2002-07-01	2006-12-31	AC_ACCOUNT	90
*/

SELECT *
FROM LOCATIONS2;
/*
1000	1297 Via Cola di Rie	00989	Roma		IT
1100	93091 Calle della Testa	10934	Venice		IT
1200	2017 Shinjuku-ku	1689	Tokyo	Tokyo Prefecture	JP
1300	9450 Kamiya-cho	6823	Hiroshima		JP
1400	2014 Jabberwocky Rd	26192	Southlake	Texas	US
1500	2011 Interiors Blvd	99236	South San Francisco	California	US
1600	2007 Zagora St	50090	South Brunswick	New Jersey	US
1700	2004 Charade Rd	98199	Seattle	Washington	US
1800	147 Spadina Ave	M5V 2L7	Toronto	Ontario	CA
1900	6092 Boxwood St	YSW 9T2	Whitehorse	Yukon	CA
2000	40-5-12 Laogianggen	190518	Beijing		CN
2100	1298 Vileparle (E)	490231	Bombay	Maharashtra	IN
2200	12-98 Victoria Street	2901	Sydney	New South Wales	AU
2300	198 Clementi North	540198	Singapore		SG
2400	8204 Arthur St		London		UK
2500	Magdalen Centre, The Oxford Science Park	OX9 9ZB	Oxford	Oxford	UK
2600	9702 Chester Road	09629850293	Stretford	Manchester	UK
2700	Schwanthalerstr. 7031	80925	Munich	Bavaria	DE
2800	Rua Frei Caneca 1360 	01307-002	Sao Paulo	Sao Paulo	BR
2900	20 Rue des Corps-Saints 	1730	Geneva	Geneve	CH
3000	Murtenstrasse 921	3095	Bern	BE	CH
3100	Pieter Breughelstraat 837	3029SK	Utrecht	Utrecht	NL
3200	Mariano Escobedo 9991	11932	Mexico City	Distrito Federal,	MX
*/

SELECT *
FROM REGIONS2;
/*
1	Europe
2	Americas
3	Asia
4	Middle East and Africa
*/

/*--최혜인팀장
SELECT USER
FROM DUAL;
--==>> HR

-- REGIONS2 테이블 생성
CREATE TABLE REGIONS2
( REGION_ID     NUMBER
, REGION_NAME   VARCHAR2(25)
, CONSTRAINT REG2_ID_PK PRIMARY KEY(REGION_ID)
);

ALTER TABLE REGIONS2
MODIFY REGION_ID NUMBER CONSTRAINT REGION2_ID_NN NOT NULL;

-- JOB_HISTORY2 테이블 생성
CREATE TABLE JOB_HISTORY2
( EMPLOYEE_ID       NUMBER(6)   
, START_DATE        DATE
, END_DATE          DATE
, JOB_ID            VARCHAR2(10)
, DEPARTMENT_ID     NUMBER(4)
, CONSTRAINT JHIST2_EMP_ID_ST_DATE_PK PRIMARY KEY(EMPLOYEE_ID, START_DATE)
);

ALTER TABLE JOB_HISTORY2
MODIFY EMPLOYEE_ID NUMBER(6) CONSTRAINT JHIST2_EMPLOYEE_NN NOT NULL;
ALTER TABLE JOB_HISTORY2
MODIFY START_DATE DATE CONSTRAINT JHIST2_START_DATE_NN NOT NULL;
ALTER TABLE JOB_HISTORY2
MODIFY END_DATE DATE CONSTRAINT JHIST2_END_DATE_NN NOT NULL;
ALTER TABLE JOB_HISTORY2
MODIFY JOB_ID VARCHAR2(10) CONSTRAINT JHIST2_JOB_NN NOT NULL;
ALTER TABLE JOB_HISTORY2
ADD ( CONSTRAINT JHIST2_DATE_INTERVAL CHECK(END_DATE > START_DATE));
--==>> Table JOB_HISTORY2이(가) 변경되었습니다.                                     

INSERT INTO REGIONS2 (REGION_ID, REGION_NAME) VALUES(1, 'Europe');
INSERT INTO REGIONS2 (REGION_ID, REGION_NAME) VALUES(2, 'Americas');
INSERT INTO REGIONS2 (REGION_ID, REGION_NAME) VALUES(3, 'Asia');
INSERT INTO REGIONS2 (REGION_ID, REGION_NAME) VALUES(4, 'Middle East and Africa');

ALTER TABLE JOB_HISTORY2
ADD (CONSTRAINT JHIST2_JOB_FK FOREIGN KEY(JOB_ID)
                REFERENCES JOBS2(JOB_ID));
ALTER TABLE JOB_HISTORY2
ADD (CONSTRAINT JHIST2_EMP_FK FOREIGN KEY(EMPLOYEE_ID)
                REFERENCES EMPLOYEES2(EMPLOYEE_ID));
ALTER TABLE JOB_HISTORY2
ADD (CONSTRAINT JHIST2_DEPT_FK FOREIGN KEY(DEPARTMENT_ID)
                REFERENCES DEPARTMENTS2(DEPARTMENT_ID));   
COMMIT;                        

--JOB_HISTORY2 데이터 입력========================================================================
INSERT INTO JOB_HISTORY2(EMPLOYEE_ID,  START_DATE,   END_DATE,  JOB_ID,  DEPARTMENT_ID) 
VALUES(102,TO_DATE('2001-01-13','YYYY-MM-DD')
          ,TO_DATE('2006-07-24','YYYY-MM-DD'),'IT_PROG',60);
          
INSERT INTO JOB_HISTORY2(EMPLOYEE_ID,  START_DATE,   END_DATE,  JOB_ID,  DEPARTMENT_ID) 
VALUES(101,TO_DATE('1997-09-21','YYYY-MM-DD')
          ,TO_DATE('2001-10-27','YYYY-MM-DD'),'AC_ACCOUNT',110);
          
INSERT INTO JOB_HISTORY2(EMPLOYEE_ID,  START_DATE,   END_DATE,  JOB_ID,  DEPARTMENT_ID) 
VALUES(101,TO_DATE('2001-10-28','YYYY-MM-DD')
           ,TO_DATE('2005-03-15','YYYY-MM-DD'),'AC_MGR',110);
           
INSERT INTO JOB_HISTORY2(EMPLOYEE_ID,  START_DATE,   END_DATE,  JOB_ID,  DEPARTMENT_ID) 
VALUES(201,TO_DATE('2004-02-17','YYYY-MM-DD')
          ,TO_DATE('2007-12-19','YYYY-MM-DD'),'MK_REP',20);
          
INSERT INTO JOB_HISTORY2(EMPLOYEE_ID,  START_DATE,   END_DATE,  JOB_ID,  DEPARTMENT_ID) 
VALUES(114,TO_DATE('2006-03-24','YYYY-MM-DD')
          ,TO_DATE('2007-12-31','YYYY-MM-DD'),'ST_CLERK',50);
          
INSERT INTO JOB_HISTORY2(EMPLOYEE_ID,  START_DATE,   END_DATE,  JOB_ID,  DEPARTMENT_ID) 
VALUES(122,TO_DATE('2007-01-01','YYYY-MM-DD')
          ,TO_DATE('2007-12-31','YYYY-MM-DD'),'ST_CLERK',50);
          
INSERT INTO JOB_HISTORY2(EMPLOYEE_ID,  START_DATE,   END_DATE,  JOB_ID,  DEPARTMENT_ID) 
 VALUES(200,TO_DATE('1995-09-17','YYYY-MM-DD')
           ,TO_DATE('2001-06-17','YYYY-MM-DD'),'AD_ASST',90);   
           
INSERT INTO JOB_HISTORY2(EMPLOYEE_ID,  START_DATE,   END_DATE,  JOB_ID,  DEPARTMENT_ID) 
VALUES(176,TO_DATE('2006-03-24','YYYY-MM-DD')
          ,TO_DATE('2006-12-31','YYYY-MM-DD'),'SA_REP',80);
          
INSERT INTO JOB_HISTORY2(EMPLOYEE_ID,  START_DATE,   END_DATE,  JOB_ID,  DEPARTMENT_ID) 
VALUES(176,TO_DATE('2007-01-01','YYYY-MM-DD')
          ,TO_DATE('2007-12-31','YYYY-MM-DD'),'SA_MAN',80);
          
INSERT INTO JOB_HISTORY2(EMPLOYEE_ID,  START_DATE,   END_DATE,  JOB_ID,  DEPARTMENT_ID) 
VALUES(200,TO_DATE('2002-07-01','YYYY-MM-DD')
          ,TO_DATE('2006-12-31','YYYY-MM-DD'),'AC_ACCOUNT',90);
--==============================================================================================
--=========================================================  
--EMPLOYEES2 시퀀스 생성
CREATE SEQUENCE EMPLOYEES2_SEQ   
START WITH 100              -- 시작값
INCREMENT BY 1              -- 증가값
NOMAXVALUE                  -- 최대값 제한 없음
NOCACHE;
--==========================================================

-- DEPARTMENTS 업데이트====================================================================
-- FK 제외한 데이터를 먼저 넣어줬기 때문에, NULL에 데이터를 넣어주기 위해 UPDATE 사용
UPDATE DEPARTMENTS2
SET MANAGER_ID = 200
WHERE DEPARTMENT_ID = 10;

UPDATE DEPARTMENTS2
SET LOCATION_ID = 1700
WHERE DEPARTMENT_ID = 10;

UPDATE DEPARTMENTS2
SET MANAGER_ID = 201
WHERE DEPARTMENT_ID = 20;

UPDATE DEPARTMENTS2
SET LOCATION_ID = 1800
WHERE DEPARTMENT_ID = 20;

UPDATE DEPARTMENTS2
SET MANAGER_ID = 114
WHERE DEPARTMENT_ID = 30;

UPDATE DEPARTMENTS2
SET LOCATION_ID = 1700
WHERE DEPARTMENT_ID = 30;

UPDATE DEPARTMENTS2
SET MANAGER_ID = 203
WHERE DEPARTMENT_ID = 40;

UPDATE DEPARTMENTS2
SET LOCATION_ID = 2400
WHERE DEPARTMENT_ID = 40;

UPDATE DEPARTMENTS2
SET MANAGER_ID = 121
WHERE DEPARTMENT_ID = 50;

UPDATE DEPARTMENTS2
SET LOCATION_ID = 1500
WHERE DEPARTMENT_ID = 50;

UPDATE DEPARTMENTS2
SET MANAGER_ID = 103
WHERE DEPARTMENT_ID = 60;

UPDATE DEPARTMENTS2
SET LOCATION_ID = 1400
WHERE DEPARTMENT_ID = 60;

UPDATE DEPARTMENTS2
SET MANAGER_ID = 204
WHERE DEPARTMENT_ID = 70;

UPDATE DEPARTMENTS2
SET LOCATION_ID = 2700
WHERE DEPARTMENT_ID = 70;

UPDATE DEPARTMENTS2
SET MANAGER_ID = 145
WHERE DEPARTMENT_ID = 80;

UPDATE DEPARTMENTS2
SET LOCATION_ID = 2500
WHERE DEPARTMENT_ID = 80;

UPDATE DEPARTMENTS2
SET MANAGER_ID = 100
WHERE DEPARTMENT_ID = 90;

UPDATE DEPARTMENTS2
SET LOCATION_ID = 1700
WHERE DEPARTMENT_ID = 90;

UPDATE DEPARTMENTS2
SET MANAGER_ID = 108
WHERE DEPARTMENT_ID = 100;

UPDATE DEPARTMENTS2
SET LOCATION_ID = 1700
WHERE DEPARTMENT_ID = 100;

UPDATE DEPARTMENTS2
SET MANAGER_ID = 205
WHERE DEPARTMENT_ID = 110;

UPDATE DEPARTMENTS2
SET LOCATION_ID = 1700
WHERE DEPARTMENT_ID = 110;


UPDATE DEPARTMENTS2
SET LOCATION_ID = 1700
WHERE DEPARTMENT_ID = 120;

UPDATE DEPARTMENTS2
SET LOCATION_ID = 1700
WHERE DEPARTMENT_ID = 120;

UPDATE DEPARTMENTS2
SET LOCATION_ID = 1700
WHERE DEPARTMENT_ID = 130;

UPDATE DEPARTMENTS2
SET LOCATION_ID = 1700
WHERE DEPARTMENT_ID = 140;

UPDATE DEPARTMENTS2
SET LOCATION_ID = 1700
WHERE DEPARTMENT_ID = 150;

UPDATE DEPARTMENTS2
SET LOCATION_ID = 1700
WHERE DEPARTMENT_ID = 160;

UPDATE DEPARTMENTS2
SET LOCATION_ID = 1700
WHERE DEPARTMENT_ID = 170;

UPDATE DEPARTMENTS2
SET LOCATION_ID = 1700
WHERE DEPARTMENT_ID = 180;

UPDATE DEPARTMENTS2
SET LOCATION_ID = 1700
WHERE DEPARTMENT_ID = 190;

UPDATE DEPARTMENTS2
SET LOCATION_ID = 1700
WHERE DEPARTMENT_ID = 200;

UPDATE DEPARTMENTS2
SET LOCATION_ID = 1700
WHERE DEPARTMENT_ID = 210;

UPDATE DEPARTMENTS2
SET LOCATION_ID = 1700
WHERE DEPARTMENT_ID = 220;

UPDATE DEPARTMENTS2
SET LOCATION_ID = 1700
WHERE DEPARTMENT_ID = 230;

UPDATE DEPARTMENTS2
SET LOCATION_ID = 1700
WHERE DEPARTMENT_ID = 240;

UPDATE DEPARTMENTS2
SET LOCATION_ID = 1700
WHERE DEPARTMENT_ID = 250;

UPDATE DEPARTMENTS2
SET LOCATION_ID = 1700
WHERE DEPARTMENT_ID = 260;

UPDATE DEPARTMENTS2
SET LOCATION_ID = 1700
WHERE DEPARTMENT_ID = 270;

--=================================================================


-- COUNTRIES 데이터 업데이트==========================================
UPDATE COUNTRIES2
SET  COUNTRY_NAME='United States of America' 
WHERE COUNTRY_ID = 'US';

UPDATE COUNTRIES2
SET  REGION_ID=2 
WHERE COUNTRY_ID = 'US';

--EMPLOYEES2 데이터 입력완료
*/

/*--정한울 팀원
CREATE TABLE LOCATIONS2
( LOCATION_ID       NUMBER(4)
, STREET_ADDRESS    VARCHAR2(40)
, POSTAL_CODE       VARCHAR2(12)
, CITY              VARCHAR2(30) 
, STATE_PROVINCE    VARCHAR2(25)
, COUNTRY_ID        CHAR(2)
, CONSTRAINT LOC2_ID_PK PRIMARY KEY(LOCATION_ID)
);

ALTER TABLE LOCATIONS2 MODIFY CITY VARCHAR2(30) CONSTRAINT LOC2_CITY_NN NOT NULL;

ALTER TABLE LOCATIONS2
ADD ( CONSTRAINT LOC2_C_ID_FK FOREIGN KEY(COUNTRY_ID) 
                  REFERENCES COUNTRIES2(COUNTRY_ID) );
                  

--1
INSERT INTO LOCATIONS2(LOCATION_ID, STREET_ADDRESS, POSTAL_CODE, CITY, COUNTRY_ID) 
VALUES(LOCATION2S_SEQ.NEXTVAL, '1297 Via Cola di Rie', '00989', 'Roma', 'IT');

--2
INSERT INTO LOCATIONS2(LOCATION_ID, STREET_ADDRESS, POSTAL_CODE, CITY, COUNTRY_ID) 
VALUES(LOCATION2S_SEQ.NEXTVAL, '93091 Calle della Testa', '10934', 'Venice', 'IT');

--3
INSERT INTO LOCATIONS2(LOCATION_ID, STREET_ADDRESS, POSTAL_CODE, CITY, STATE_PROVINCE, COUNTRY_ID) 
VALUES(LOCATION2S_SEQ.NEXTVAL, '2017 Shinjuku-ku', '1689', 'Tokyo', 'Tokyo Prefecture', 'JP');

--4
INSERT INTO LOCATIONS2(LOCATION_ID, STREET_ADDRESS, POSTAL_CODE, CITY, COUNTRY_ID) 
VALUES(LOCATION2S_SEQ.NEXTVAL, '9450 Kamiya-cho', '6823', 'Hiroshima', 'JP');

--5
INSERT INTO LOCATIONS2(LOCATION_ID, STREET_ADDRESS, POSTAL_CODE, CITY, STATE_PROVINCE, COUNTRY_ID) 
VALUES(LOCATION2S_SEQ.NEXTVAL, '2014 Jabberwocky Rd', '26192', 'Southlake', 'Texas', 'US');

--6
INSERT INTO LOCATIONS2(LOCATION_ID, STREET_ADDRESS, POSTAL_CODE, CITY, STATE_PROVINCE, COUNTRY_ID) 
VALUES(LOCATION2S_SEQ.NEXTVAL, '2011 Interiors Blvd', '99236', 'South San Francisco', 'California', 'US');

--7
INSERT INTO LOCATIONS2(LOCATION_ID, STREET_ADDRESS, POSTAL_CODE, CITY, STATE_PROVINCE, COUNTRY_ID) 
VALUES(LOCATION2S_SEQ.NEXTVAL, '2007 Zagora St', '50090', 'South Brunswick', 'New Jersey', 'US');

--8
INSERT INTO LOCATIONS2(LOCATION_ID, STREET_ADDRESS, POSTAL_CODE, CITY, STATE_PROVINCE, COUNTRY_ID) 
VALUES(LOCATION2S_SEQ.NEXTVAL, '2004 Charade Rd', '98199', 'Seattle', 'Washington', 'US');

--9
INSERT INTO LOCATIONS2(LOCATION_ID, STREET_ADDRESS, POSTAL_CODE, CITY, STATE_PROVINCE, COUNTRY_ID) 
VALUES(LOCATION2S_SEQ.NEXTVAL, '147 Spadina Ave', 'M5V 2L7', 'Toronto', 'Ontario', 'CA');

--10
INSERT INTO LOCATIONS2(LOCATION_ID, STREET_ADDRESS, POSTAL_CODE, CITY, STATE_PROVINCE, COUNTRY_ID) 
VALUES(LOCATION2S_SEQ.NEXTVAL, '6092 Boxwood St', 'YSW 9T2', 'Whitehorse', 'Yukon', 'CA');

--11
INSERT INTO LOCATIONS2(LOCATION_ID, STREET_ADDRESS, POSTAL_CODE, CITY, COUNTRY_ID) 
VALUES(LOCATION2S_SEQ.NEXTVAL, '40-5-12 Laogianggen', '190518', 'Beijing', 'CN');

--12
INSERT INTO LOCATIONS2(LOCATION_ID, STREET_ADDRESS, POSTAL_CODE, CITY, STATE_PROVINCE, COUNTRY_ID) 
VALUES(LOCATION2S_SEQ.NEXTVAL, '1298 Vileparle (E)', '490231', 'Bombay', 'Maharashtra', 'IN');

--13
INSERT INTO LOCATIONS2(LOCATION_ID, STREET_ADDRESS, POSTAL_CODE, CITY, STATE_PROVINCE, COUNTRY_ID) 
VALUES(LOCATION2S_SEQ.NEXTVAL, '12-98 Victoria Street', '2901', 'Sydney', 'New South Wales', 'AU');

--14
INSERT INTO LOCATIONS2(LOCATION_ID, STREET_ADDRESS, POSTAL_CODE, CITY, COUNTRY_ID) 
VALUES(LOCATION2S_SEQ.NEXTVAL, '198 Clementi North', '540198', 'Singapore', 'SG');

--15
INSERT INTO LOCATIONS2(LOCATION_ID, STREET_ADDRESS, CITY, COUNTRY_ID) 
VALUES(LOCATION2S_SEQ.NEXTVAL, '8204 Arthur St', 'London', 'UK');

--16
INSERT INTO LOCATIONS2(LOCATION_ID, STREET_ADDRESS, POSTAL_CODE, CITY, STATE_PROVINCE, COUNTRY_ID) 
VALUES(LOCATION2S_SEQ.NEXTVAL, 'Magdalen Centre, The Oxford Science Park', 'OX9 9ZB', 'Oxford', 'Oxford', 'UK');

--17
INSERT INTO LOCATIONS2(LOCATION_ID, STREET_ADDRESS, POSTAL_CODE, CITY, STATE_PROVINCE, COUNTRY_ID) 
VALUES(LOCATION2S_SEQ.NEXTVAL, '9702 Chester Road', '09629850293', 'Stretford', 'Manchester', 'UK');

--18
INSERT INTO LOCATIONS2(LOCATION_ID, STREET_ADDRESS, POSTAL_CODE, CITY, STATE_PROVINCE, COUNTRY_ID) 
VALUES(LOCATION2S_SEQ.NEXTVAL, 'Schwanthalerstr. 7031', '80925', 'Munich', 'Bavaria', 'DE');

--19
INSERT INTO LOCATIONS2(LOCATION_ID, STREET_ADDRESS, POSTAL_CODE, CITY, STATE_PROVINCE, COUNTRY_ID) 
VALUES(LOCATION2S_SEQ.NEXTVAL, 'Rua Frei Caneca 1360 ', '01307-002', 'Sao Paulo', 'Sao Paulo', 'BR');

--20
INSERT INTO LOCATIONS2(LOCATION_ID, STREET_ADDRESS, POSTAL_CODE, CITY, STATE_PROVINCE, COUNTRY_ID) 
VALUES(LOCATION2S_SEQ.NEXTVAL, '20 Rue des Corps-Saints ', '1730', 'Geneva', 'Geneve', 'CH');

--21
INSERT INTO LOCATIONS2(LOCATION_ID, STREET_ADDRESS, POSTAL_CODE, CITY, STATE_PROVINCE, COUNTRY_ID) 
VALUES(LOCATION2S_SEQ.NEXTVAL, 'Murtenstrasse 921', '3095', 'Bern', 'BE', 'CH');

--22
INSERT INTO LOCATIONS2(LOCATION_ID, STREET_ADDRESS, POSTAL_CODE, CITY, STATE_PROVINCE, COUNTRY_ID) 
VALUES(LOCATION2S_SEQ.NEXTVAL, 'Pieter Breughelstraat 837', '3029SK', 'Utrecht', 'Utrecht', 'NL');

--23
INSERT INTO LOCATIONS2(LOCATION_ID, STREET_ADDRESS, POSTAL_CODE, CITY, STATE_PROVINCE, COUNTRY_ID) 
VALUES(LOCATION2S_SEQ.NEXTVAL, 'Mariano Escobedo 9991', '11932', 'Mexico City', 'Distrito Federal,', 'MX');

CREATE SEQUENCE LOCATION2S_SEQ
INCREMENT BY 100
START WITH 1000
MINVALUE 1
MAXVALUE 9900
NOCYCLE
NOCACHE;

SELECT E.FIRST_NAME, E.LAST_NAME, J.JOB_TITLE, D.DEPARTMENT_NAME, L.CITY, C.COUNTRY_NAME, R.REGION_NAME
FROM EMPLOYEES2 E, DEPARTMENTS2 D, JOBS2 J, LOCATIONS2 L, COUNTRIES2 C, REGIONS2 R
WHERE E.DEPARTMENT_ID =  D.DEPARTMENT_ID(+) 
AND J.JOB_ID = E.JOB_ID(+)
AND D.LOCATION_ID = L.LOCATION_ID(+)
AND L.COUNTRY_ID = C.COUNTRY_ID(+)
AND C.REGION_ID = R.REGION_ID(+);

--EMPLOYEES2 데이터 입력완료
*/

/*--이주형팀원

CREATE TABLE COUNTRIES2
(COUNTRY_ID    CHAR(2) 
,COUNTRY_NAME  VARCHAR(40)
,REGION_ID     NUMBER
,CONSTRAINT COUNTRY2_C_ID_PK PRIMARY KEY(COUNTRY_ID)
,CONSTRAINT COUNTR2_REG_FK   FOREIGN KEY (REGION_ID)
                             REFERENCES REGIONS2 (REGION_ID)
);

-- 널 조건 넣기
ALTER TABLE COUNTRIES2
MODIFY COUNTRY_ID CHAR(2) CONSTRAINT COUNTRY2_ID_NN  NOT NULL;

UPDATE COUNTRIES2
SET  COUNTRY_NAME='United States of America' 
WHERE COUNTRY_ID = 'US';

UPDATE COUNTRIES2
SET  REGION_ID=2 
WHERE COUNTRY_ID = 'US';

-- 삭제 
ALTER TABLE COUNTRIES2
DROP CONSTRAINT COUNTRY2_C_ID_PK;

ALTER TABLE LOCATIONS2
DROP CONSTRAINT LOC2_C_ID_FK;

-- 데이터 입력

INSERT INTO COUNTRIES2(COUNTRY_ID, COUNTRY_NAME , REGION_ID) 
VALUES ('AR','Argentina',2);

INSERT INTO COUNTRIES2(COUNTRY_ID, COUNTRY_NAME , REGION_ID) 
VALUES ('AU','Australia',3);

INSERT INTO COUNTRIES2(COUNTRY_ID, COUNTRY_NAME , REGION_ID) 
VALUES ('BE','Belgium',1);

------------------------------------------------------------
INSERT INTO COUNTRIES2(COUNTRY_ID, COUNTRY_NAME , REGION_ID) 
VALUES ('BR','Brazil',2);

INSERT INTO COUNTRIES2(COUNTRY_ID, COUNTRY_NAME , REGION_ID) 
VALUES ('CA','Canada',2);


INSERT INTO COUNTRIES2(COUNTRY_ID, COUNTRY_NAME , REGION_ID) 
VALUES ('CH','Switzerland',1);

INSERT INTO COUNTRIES2(COUNTRY_ID, COUNTRY_NAME , REGION_ID) 
VALUES ('CN','China',3);

INSERT INTO COUNTRIES2(COUNTRY_ID, COUNTRY_NAME , REGION_ID) 
VALUES ('DE','Germany',1);

INSERT INTO COUNTRIES2(COUNTRY_ID, COUNTRY_NAME , REGION_ID) 
VALUES ('Dk','Denmark',1);
-----------------------------
INSERT INTO COUNTRIES2(COUNTRY_ID, COUNTRY_NAME , REGION_ID) 
VALUES ('EG','Egypt',4);

INSERT INTO COUNTRIES2(COUNTRY_ID, COUNTRY_NAME , REGION_ID) 
VALUES ('FR','France',1);

INSERT INTO COUNTRIES2(COUNTRY_ID, COUNTRY_NAME , REGION_ID) 
VALUES ('IL','Israel',4);

INSERT INTO COUNTRIES2(COUNTRY_ID, COUNTRY_NAME , REGION_ID) 
VALUES ('IN','India',3);

INSERT INTO COUNTRIES2(COUNTRY_ID, COUNTRY_NAME , REGION_ID) 
VALUES ('IT','Italy',1);

INSERT INTO COUNTRIES2(COUNTRY_ID, COUNTRY_NAME , REGION_ID) 
VALUES ('JP','Japan',3);

INSERT INTO COUNTRIES2(COUNTRY_ID, COUNTRY_NAME , REGION_ID) 
VALUES ('KW','Kuwait',4);

INSERT INTO COUNTRIES2(COUNTRY_ID, COUNTRY_NAME , REGION_ID) 
VALUES ('ML','Malaysia',3);

INSERT INTO COUNTRIES2(COUNTRY_ID, COUNTRY_NAME , REGION_ID) 
VALUES ('MX','Mexico',2);

INSERT INTO COUNTRIES2(COUNTRY_ID, COUNTRY_NAME , REGION_ID) 
VALUES ('NG','Nigeria',4);

INSERT INTO COUNTRIES2(COUNTRY_ID, COUNTRY_NAME , REGION_ID) 
VALUES ('NL','Netherlands',1);

INSERT INTO COUNTRIES2(COUNTRY_ID, COUNTRY_NAME , REGION_ID) 
VALUES ('SG','Singapore',3);

INSERT INTO COUNTRIES2(COUNTRY_ID, COUNTRY_NAME , REGION_ID) 
VALUES ('UK','United Kingdom',1);

INSERT INTO COUNTRIES2(COUNTRY_ID, COUNTRY_NAME , REGION_ID) 
VALUES ('US','Denmark',1);

INSERT INTO COUNTRIES2(COUNTRY_ID, COUNTRY_NAME , REGION_ID) 
VALUES ('Dk','United States of America',2);

INSERT INTO COUNTRIES2(COUNTRY_ID, COUNTRY_NAME , REGION_ID) 
VALUES ('ZM','Zambia',4);

INSERT INTO COUNTRIES2(COUNTRY_ID, COUNTRY_NAME , REGION_ID) 
VALUES ('ZW','Zimbabwe',4);

-- 시퀀스 확인 
select *
from all_sequences;



--시퀀스 삭제
select *
from EMPLOYEES2;

select *
from user_sequences;

desc departments2;

DROP SEQUENCE EMPLOYEES2_SEQ;

--시퀀스 생성

CREATE SEQUENCE EMPLOYEES2_SEQ   
START WITH 100              -- 시작값
INCREMENT BY 1              -- 증가값
NOMAXVALUE                  -- 최대값 제한 없음
NOCACHE;

--EMPLOYEES2 데이터 입력완료

*/

/*--김동민 팀원
CREATE TABLE DEPARTMENTS2
( DEPARTMENT_ID   NUMBER(4)   
, DEPARTMENT_NAME VARCHAR2(30) CONSTRAINT DEPT2_NAME_NN NOT NULL
, MANAGER_ID      NUMBER(6)
, LOCATION_ID     NUMBER(4)
, CONSTRAINT DEPT2_ID_PK PRIMARY KEY(DEPARTMENT_ID)
);
--CONSTRAINT DEPT2_MGR_FK FOREIGN KEY(MANAGER_ID) REFERENCES EMPLOYEES2(EMPLOYEE_ID)

ALTER TABLE DEPARTMENTS2
ADD CONSTRAINT DEPT2_LOC_FK FOREIGN KEY(LOCATION_ID) REFERENCES LOCATIONS2(LOCATION_ID);

ALTER TABLE DEPARTMENTS2
ADD CONSTRAINT DEPT2_MGR_FK FOREIGN KEY(MANAGER_ID) REFERENCES EMPLOYEES2(EMPLOYEE_ID);


CREATE TABLE EMPLOYEES2
( EMPLOYEE_ID     NUMBER(6)
, FIRST_NAME      VARCHAR2(20)
, LAST_NAME       VARCHAR2(25) CONSTRAINT EMP2_LAST_NAME_NN NOT NULL
, EMAIL           VARCHAR2(25) CONSTRAINT EMP2_EMAIL_NN NOT NULL
, PHONE_NUMBER    VARCHAR2(20) 
, HIRE_DATE       DATE         CONSTRAINT EMP2_HIRE_DATE_NN NOT NULL
, JOB_ID          VARCHAR2(10) CONSTRAINT EMP2_JOB_NN NOT NULL
, SALARY          NUMBER(8,2)
, COMMISSION_PCT  NUMBER(2,2) 
, MANAGER_ID      NUMBER(6)
, DEPARTMENT_ID   NUMBER(4)
, CONSTRAINT EMP2_EMP_ID_PK PRIMARY KEY(EMPLOYEE_ID)
, CONSTRAINT EMP2_SALARY_MIN CHECK(salary > 0)
, CONSTRAINT EMP2_EMAIL_UK UNIQUE(EMAIL)
);

ALTER TABLE EMPLOYEES2
ADD CONSTRAINT EMP2_DEPT_FK FOREIGN KEY(DEPARTMENT_ID) REFERENCES DEPARTMENTS2(DEPARTMENT_ID);

ALTER TABLE EMPLOYEES2
ADD CONSTRAINT EMP2_JOB_FK FOREIGN KEY(JOB_ID) REFERENCES JOBS2(JOB_ID);

ALTER TABLE EMPLOYEES2
ADD CONSTRAINT EMP2_MANAGER_FK FOREIGN KEY(MANAGER_ID) REFERENCES EMPLOYEES2(EMPLOYEE_ID);

COMMIT;

INSERT INTO DEPARTMENTS2(DEPARTMENT_ID,DEPARTMENT_NAME) VALUES(10, 'Administration');
INSERT INTO DEPARTMENTS2(DEPARTMENT_ID,DEPARTMENT_NAME) VALUES(20,	'Marketing'	   );   
INSERT INTO DEPARTMENTS2(DEPARTMENT_ID,DEPARTMENT_NAME) VALUES(30,	'Purchasing'   );   
INSERT INTO DEPARTMENTS2(DEPARTMENT_ID,DEPARTMENT_NAME) VALUES(40,	'Human Resources');   
INSERT INTO DEPARTMENTS2(DEPARTMENT_ID,DEPARTMENT_NAME) VALUES(50,	'Shipping'	   );   
INSERT INTO DEPARTMENTS2(DEPARTMENT_ID,DEPARTMENT_NAME) VALUES(60,	'IT'           );  
INSERT INTO DEPARTMENTS2(DEPARTMENT_ID,DEPARTMENT_NAME) VALUES(70,	'Public Relations');	
INSERT INTO DEPARTMENTS2(DEPARTMENT_ID,DEPARTMENT_NAME) VALUES(80,	'Sales'	       );   
INSERT INTO DEPARTMENTS2(DEPARTMENT_ID,DEPARTMENT_NAME) VALUES(90,	'Executive'	   );   
INSERT INTO DEPARTMENTS2(DEPARTMENT_ID,DEPARTMENT_NAME) VALUES(100,	'Finance'	   );  
INSERT INTO DEPARTMENTS2(DEPARTMENT_ID,DEPARTMENT_NAME) VALUES(110,	'Accounting'   );   
INSERT INTO DEPARTMENTS2(DEPARTMENT_ID,DEPARTMENT_NAME) VALUES(120,	'Treasury'	   );       
INSERT INTO DEPARTMENTS2(DEPARTMENT_ID,DEPARTMENT_NAME) VALUES(130,	'Corporate Tax'  );	    
INSERT INTO DEPARTMENTS2(DEPARTMENT_ID,DEPARTMENT_NAME) VALUES(140,	'Control And Credit');		
INSERT INTO DEPARTMENTS2(DEPARTMENT_ID,DEPARTMENT_NAME) VALUES(150,	'Shareholder Services');	
INSERT INTO DEPARTMENTS2(DEPARTMENT_ID,DEPARTMENT_NAME) VALUES(160,	'Benefits'		);       
INSERT INTO DEPARTMENTS2(DEPARTMENT_ID,DEPARTMENT_NAME) VALUES(170,	'Manufacturing'	);	    
INSERT INTO DEPARTMENTS2(DEPARTMENT_ID,DEPARTMENT_NAME) VALUES(180,	'Construction'	);	   
INSERT INTO DEPARTMENTS2(DEPARTMENT_ID,DEPARTMENT_NAME) VALUES(190,	'Contracting'	);        
INSERT INTO DEPARTMENTS2(DEPARTMENT_ID,DEPARTMENT_NAME) VALUES(200,	'Operations'	);        
INSERT INTO DEPARTMENTS2(DEPARTMENT_ID,DEPARTMENT_NAME) VALUES(210,	'IT Support'	);       
INSERT INTO DEPARTMENTS2(DEPARTMENT_ID,DEPARTMENT_NAME) VALUES(220,	'NOC'		    );        
INSERT INTO DEPARTMENTS2(DEPARTMENT_ID,DEPARTMENT_NAME) VALUES(230,	'IT Helpdesk'	);        
INSERT INTO DEPARTMENTS2(DEPARTMENT_ID,DEPARTMENT_NAME) VALUES(240,	'Government Sales');		
INSERT INTO DEPARTMENTS2(DEPARTMENT_ID,DEPARTMENT_NAME) VALUES(250,	'Retail Sales'	);	   
INSERT INTO DEPARTMENTS2(DEPARTMENT_ID,DEPARTMENT_NAME) VALUES(260,	'Recruiting'	);        
INSERT INTO DEPARTMENTS2(DEPARTMENT_ID,DEPARTMENT_NAME) VALUES(270,	'Payroll'		);        

UPDATE DEPARTMENTS2
SET MANAGER_ID = 200
WHERE DEPARTMENT_ID = 10;

UPDATE DEPARTMENTS2
SET LOCATION_ID = 1700
WHERE DEPARTMENT_ID = 10;

UPDATE DEPARTMENTS2
SET MANAGER_ID = 201
WHERE DEPARTMENT_ID = 20;

UPDATE DEPARTMENTS2
SET LOCATION_ID = 1800
WHERE DEPARTMENT_ID = 20;

UPDATE DEPARTMENTS2
SET MANAGER_ID = 114
WHERE DEPARTMENT_ID = 30;

UPDATE DEPARTMENTS2
SET LOCATION_ID = 1700
WHERE DEPARTMENT_ID = 30;

UPDATE DEPARTMENTS2
SET MANAGER_ID = 203
WHERE DEPARTMENT_ID = 40;

UPDATE DEPARTMENTS2
SET LOCATION_ID = 2400
WHERE DEPARTMENT_ID = 40;

UPDATE DEPARTMENTS2
SET MANAGER_ID = 121
WHERE DEPARTMENT_ID = 50;

UPDATE DEPARTMENTS2
SET LOCATION_ID = 1500
WHERE DEPARTMENT_ID = 50;

UPDATE DEPARTMENTS2
SET MANAGER_ID = 103
WHERE DEPARTMENT_ID = 60;

UPDATE DEPARTMENTS2
SET LOCATION_ID = 1400
WHERE DEPARTMENT_ID = 60;

UPDATE DEPARTMENTS2
SET MANAGER_ID = 204
WHERE DEPARTMENT_ID = 70;

UPDATE DEPARTMENTS2
SET LOCATION_ID = 2700
WHERE DEPARTMENT_ID = 70;

UPDATE DEPARTMENTS2
SET MANAGER_ID = 145
WHERE DEPARTMENT_ID = 80;

UPDATE DEPARTMENTS2
SET LOCATION_ID = 2500
WHERE DEPARTMENT_ID = 80;

UPDATE DEPARTMENTS2
SET MANAGER_ID = 100
WHERE DEPARTMENT_ID = 90;

UPDATE DEPARTMENTS2
SET LOCATION_ID = 1700
WHERE DEPARTMENT_ID = 90;

UPDATE DEPARTMENTS2
SET MANAGER_ID = 108
WHERE DEPARTMENT_ID = 100;

UPDATE DEPARTMENTS2
SET LOCATION_ID = 1700
WHERE DEPARTMENT_ID = 100;

UPDATE DEPARTMENTS2
SET MANAGER_ID = 205
WHERE DEPARTMENT_ID = 110;

UPDATE DEPARTMENTS2
SET LOCATION_ID = 1700
WHERE DEPARTMENT_ID = 110;


UPDATE DEPARTMENTS2
SET LOCATION_ID = 1700
WHERE DEPARTMENT_ID = 120;

UPDATE DEPARTMENTS2
SET LOCATION_ID = 1700
WHERE DEPARTMENT_ID = 120;

UPDATE DEPARTMENTS2
SET LOCATION_ID = 1700
WHERE DEPARTMENT_ID = 130;

UPDATE DEPARTMENTS2
SET LOCATION_ID = 1700
WHERE DEPARTMENT_ID = 140;

UPDATE DEPARTMENTS2
SET LOCATION_ID = 1700
WHERE DEPARTMENT_ID = 150;

UPDATE DEPARTMENTS2
SET LOCATION_ID = 1700
WHERE DEPARTMENT_ID = 160;

UPDATE DEPARTMENTS2
SET LOCATION_ID = 1700
WHERE DEPARTMENT_ID = 170;

UPDATE DEPARTMENTS2
SET LOCATION_ID = 1700
WHERE DEPARTMENT_ID = 180;

UPDATE DEPARTMENTS2
SET LOCATION_ID = 1700
WHERE DEPARTMENT_ID = 190;

UPDATE DEPARTMENTS2
SET LOCATION_ID = 1700
WHERE DEPARTMENT_ID = 200;

UPDATE DEPARTMENTS2
SET LOCATION_ID = 1700
WHERE DEPARTMENT_ID = 210;

UPDATE DEPARTMENTS2
SET LOCATION_ID = 1700
WHERE DEPARTMENT_ID = 220;

UPDATE DEPARTMENTS2
SET LOCATION_ID = 1700
WHERE DEPARTMENT_ID = 230;

UPDATE DEPARTMENTS2
SET LOCATION_ID = 1700
WHERE DEPARTMENT_ID = 240;

UPDATE DEPARTMENTS2
SET LOCATION_ID = 1700
WHERE DEPARTMENT_ID = 250;

UPDATE DEPARTMENTS2
SET LOCATION_ID = 1700
WHERE DEPARTMENT_ID = 260;

UPDATE DEPARTMENTS2
SET LOCATION_ID = 1700
WHERE DEPARTMENT_ID = 270;

COMMIT;

SELECT *
FROM ALL_SEQUENCES;

CREATE SEQUENCE DEPARTMENTS2_SEQ
INCREMENT BY 10
START WITH 10
MINVALUE 1
MAXVALUE 9990
NOCYCLE
NOCACHE;

--EMPLOYEES2 데이터 입력완료

/*--김민지팀원

-- 33번 ~ 47번까지 데이터 ==========================================================================================================================
INSERT INTO EMPLOYEES2
(EMPLOYEE_ID, FIRST_NAME, LAST_NAME, EMAIL, PHONE_NUMBER, HIRE_DATE, JOB_ID, SALARY, COMMISSION_PCT, MANAGER_ID, DEPARTMENT_ID)
VALUES
(EMPLOYEES2_SEQ.NEXTVAL,'TJ', 'Olson', 'TJOLSON', '650.124.8234', TO_DATE('2007-04-10','YYYY-MM-DD'), 'ST_CLERK', 2100,NULL,121,50);

INSERT INTO EMPLOYEES2
(EMPLOYEE_ID, FIRST_NAME, LAST_NAME, EMAIL, PHONE_NUMBER, HIRE_DATE, JOB_ID, SALARY, COMMISSION_PCT, MANAGER_ID, DEPARTMENT_ID)
VALUES
(EMPLOYEES2_SEQ.NEXTVAL,'Jason', 'Mallin', 'JMALLIN', '650.127.1934', TO_DATE('2004-06-14','YYYY-MM-DD'), 'ST_CLERK', 3300,NULL,122,50);

INSERT INTO EMPLOYEES2
(EMPLOYEE_ID, FIRST_NAME, LAST_NAME, EMAIL, PHONE_NUMBER, HIRE_DATE, JOB_ID, SALARY, COMMISSION_PCT, MANAGER_ID, DEPARTMENT_ID)
VALUES
(EMPLOYEES2_SEQ.NEXTVAL,'Michael', 'Rogers', 'MROGERS', '650.127.1834', TO_DATE('2006-08-26','YYYY-MM-DD'), 'ST_CLERK', 2900,NULL,122,50);

INSERT INTO EMPLOYEES2
(EMPLOYEE_ID, FIRST_NAME, LAST_NAME, EMAIL, PHONE_NUMBER, HIRE_DATE, JOB_ID, SALARY, COMMISSION_PCT, MANAGER_ID, DEPARTMENT_ID)
VALUES
(EMPLOYEES2_SEQ.NEXTVAL,'Ki', 'Gee', 'KGEE', '650.127.1734', TO_DATE('2007-12-12','YYYY-MM-DD'), 'ST_CLERK', 2400,NULL,122,50);

INSERT INTO EMPLOYEES2
(EMPLOYEE_ID, FIRST_NAME, LAST_NAME, EMAIL, PHONE_NUMBER, HIRE_DATE, JOB_ID, SALARY, COMMISSION_PCT, MANAGER_ID, DEPARTMENT_ID)
VALUES
(EMPLOYEES2_SEQ.NEXTVAL,'Hazel', 'Philtanker', 'HPHILTAN', '650.127.1634', TO_DATE('2008-02-06','YYYY-MM-DD'), 'ST_CLERK', 2200,NULL,122,50);

INSERT INTO EMPLOYEES2
(EMPLOYEE_ID, FIRST_NAME, LAST_NAME, EMAIL, PHONE_NUMBER, HIRE_DATE, JOB_ID, SALARY, COMMISSION_PCT, MANAGER_ID, DEPARTMENT_ID)
VALUES
(EMPLOYEES2_SEQ.NEXTVAL,'Renske', 'Ladwig', 'RLADWIG', '650.121.1234', TO_DATE('2003-07-14','YYYY-MM-DD'), 'ST_CLERK', 3600,NULL,123,50);

INSERT INTO EMPLOYEES2
(EMPLOYEE_ID, FIRST_NAME, LAST_NAME, EMAIL, PHONE_NUMBER, HIRE_DATE, JOB_ID, SALARY, COMMISSION_PCT, MANAGER_ID, DEPARTMENT_ID)
VALUES
(EMPLOYEES2_SEQ.NEXTVAL,'Stephen', 'Stiles', 'SSTILES', '650.121.2034', TO_DATE('2005-10-26','YYYY-MM-DD'), 'ST_CLERK', 3300,NULL,123,50);

INSERT INTO EMPLOYEES2
(EMPLOYEE_ID, FIRST_NAME, LAST_NAME, EMAIL, PHONE_NUMBER, HIRE_DATE, JOB_ID, SALARY, COMMISSION_PCT, MANAGER_ID, DEPARTMENT_ID)
VALUES
(EMPLOYEES2_SEQ.NEXTVAL,'John', 'Seo', 'JSEO', '650.121.2019', TO_DATE('2006-02-12','YYYY-MM-DD'), 'ST_CLERK', 2700,NULL,123,50);

INSERT INTO EMPLOYEES2
(EMPLOYEE_ID, FIRST_NAME, LAST_NAME, EMAIL, PHONE_NUMBER, HIRE_DATE, JOB_ID, SALARY, COMMISSION_PCT, MANAGER_ID, DEPARTMENT_ID)
VALUES
(EMPLOYEES2_SEQ.NEXTVAL,'Joshua', 'Patel', 'JPATEL', '650.121.1834', TO_DATE('2006-04-06','YYYY-MM-DD'), 'ST_CLERK', 2500,NULL,123,50);

INSERT INTO EMPLOYEES2
(EMPLOYEE_ID, FIRST_NAME, LAST_NAME, EMAIL, PHONE_NUMBER, HIRE_DATE, JOB_ID, SALARY, COMMISSION_PCT, MANAGER_ID, DEPARTMENT_ID)
VALUES
(EMPLOYEES2_SEQ.NEXTVAL,'Trenna', 'Rajs', 'TRAJS', '650.121.8009', TO_DATE('2003-10-17','YYYY-MM-DD'), 'ST_CLERK', 3500,NULL,124,50);

INSERT INTO EMPLOYEES2
(EMPLOYEE_ID, FIRST_NAME, LAST_NAME, EMAIL, PHONE_NUMBER, HIRE_DATE, JOB_ID, SALARY, COMMISSION_PCT, MANAGER_ID, DEPARTMENT_ID)
VALUES
(EMPLOYEES2_SEQ.NEXTVAL,'Curtis', 'Davies', 'CDAVIES', '650.121.2994', TO_DATE('2005-01-29','YYYY-MM-DD'), 'ST_CLERK',3100,NULL,124,50);

INSERT INTO EMPLOYEES2
(EMPLOYEE_ID, FIRST_NAME, LAST_NAME, EMAIL, PHONE_NUMBER, HIRE_DATE, JOB_ID, SALARY, COMMISSION_PCT, MANAGER_ID, DEPARTMENT_ID)
VALUES
(EMPLOYEES2_SEQ.NEXTVAL,'Randall', 'Matos', 'RMATOS', '650.121.2874', TO_DATE('2006-03-15','YYYY-MM-DD'), 'ST_CLERK',2600,NULL,124,50);

INSERT INTO EMPLOYEES2
(EMPLOYEE_ID, FIRST_NAME, LAST_NAME, EMAIL, PHONE_NUMBER, HIRE_DATE, JOB_ID, SALARY, COMMISSION_PCT, MANAGER_ID, DEPARTMENT_ID)
VALUES
(EMPLOYEES2_SEQ.NEXTVAL,'Peter', 'Vargas', 'PVARGAS', '650.121.2004', TO_DATE('2006-07-09','YYYY-MM-DD'), 'ST_CLERK',2500,NULL,124,50);

INSERT INTO EMPLOYEES2
(EMPLOYEE_ID, FIRST_NAME, LAST_NAME, EMAIL, PHONE_NUMBER, HIRE_DATE, JOB_ID, SALARY, COMMISSION_PCT, MANAGER_ID, DEPARTMENT_ID)
VALUES
(EMPLOYEES2_SEQ.NEXTVAL,'John', 'Russell', 'JRUSSEL', '011.44.1344.429268', TO_DATE('2004-10-01','YYYY-MM-DD'), 'SA_MAN',14000,0.4,100,80);

INSERT INTO EMPLOYEES2
(EMPLOYEE_ID, FIRST_NAME, LAST_NAME, EMAIL, PHONE_NUMBER, HIRE_DATE, JOB_ID, SALARY, COMMISSION_PCT, MANAGER_ID, DEPARTMENT_ID)
VALUES
(EMPLOYEES2_SEQ.NEXTVAL,'Karen', 'Partners', 'KPARTNER', '011.44.1344.467268', TO_DATE('2005-01-05','YYYY-MM-DD'), 'SA_MAN',13500,0.3,100,80);

--=====================================================================================================================================================

--EMPLOYEES2 시퀀스 생성 코드

CREATE SEQUENCE EMPLOYEES2_SEQ   
START WITH 100              -- 시작값
INCREMENT BY 1              -- 증가값
NOMAXVALUE                  -- 최대값 제한 없음
NOCACHE;

--EMPLOYEES2 시퀀스 삭제 코드 
DROP SEQUENCE EMPLOYEES2_SEQ;
*/








































